,Unnamed: 0,UID,UIN,Name,H1,H2,H3,H4,H5,H6,H7,H8,H9,H10,Q1,Q2,Q3,Q4,Q5,Q6,E1,E2,E3,E4
0,0,ctxqdydbh@school.edu,6278071156,Amwzhvv Hfsnkmtvg,57.0,80.0,51.0,52.0,68.0,59.0,76.0,69.0,57.0,89.0,79.0,59.0,80.0,99.0,51.0,83.0,52.0,73.0,53.0,59.0
1,1,zqwlkf@school.edu,6126131600,Bzxymaq Itwpihiat,88.0,62.0,51.0,56.0,93.0,72.0,65.0,89.0,55.0,92.0,74.0,98.0,55.0,74.0,51.0,71.0,86.0,81.0,86.0,60.0
2,2,fpvzcjz@school.edu,5769978790,Nzybmx Vwxdgikg,92.0,53.0,97.0,53.0,74.0,50.0,77.0,89.0,68.0,89.0,55.0,63.0,73.0,81.0,54.0,100.0,99.0,88.0,99.0,72.0
3,3,foiqtrw@school.edu,2206806491,Sitpqioevb Gbyba,62.0,93.0,99.0,56.0,57.0,79.0,61.0,66.0,53.0,94.0,81.0,100.0,82.0,98.0,65.0,73.0,96.0,85.0,64.0,57.0
4,4,gzdxxjj@school.edu,8175161510,Buvbtfe Sefozup,96.0,94.0,96.0,69.0,97.0,59.0,68.0,89.0,94.0,91.0,51.0,80.0,78.0,79.0,83.0,68.0,60.0,84.0,86.0,98.0
5,5,ynaiklmtueqiq@school.edu,6530931390,Wekhihdy Rchka,57.0,92.0,70.0,82.0,76.0,55.0,98.0,70.0,95.0,74.0,63.0,69.0,55.0,55.0,91.0,81.0,84.0,81.0,87.0,92.0
6,6,enrccocqlyxpl@school.edu,6922488835,Ysnnj Watpltvvne,95.0,64.0,95.0,63.0,91.0,96.0,99.0,93.0,84.0,90.0,75.0,79.0,62.0,51.0,93.0,51.0,96.0,51.0,68.0,85.0
7,7,yrxsavq@school.edu,6947911536,Qrdklvyfe Rtiozlzis,53.0,98.0,51.0,81.0,76.0,63.0,53.0,95.0,68.0,94.0,67.0,58.0,80.0,59.0,83.0,99.0,54.0,97.0,99.0,95.0
8,8,nyuimtzqdtnyc@school.edu,5423439935,Tvtyaoefjr Yltrqpnbjx,66.0,94.0,93.0,86.0,61.0,55.0,90.0,75.0,94.0,59.0,67.0,93.0,95.0,76.0,52.0,95.0,73.0,52.0,50.0,97.0
9,9,zzibaifzmkihs@school.edu,2789928846,Mjciqqukl Bywgq,83.0,94.0,88.0,87.0,53.0,87.0,55.0,60.0,61.0,89.0,79.0,84.0,70.0,91.0,54.0,90.0,77.0,82.0,67.0,64.0
10,10,fatlqwdx@school.edu,6686528654,Jomezjpz Xqnwt,50.0,65.0,52.0,72.0,97.0,77.0,74.0,88.0,62.0,59.0,58.0,87.0,86.0,59.0,92.0,97.0,75.0,85.0,83.0,88.0
11,11,qupfag@school.edu,1800596685,Lwjjfcwgtb Kizyidv,55.0,72.0,66.0,67.0,81.0,81.0,76.0,94.0,58.0,56.0,69.0,56.0,100.0,57.0,53.0,89.0,79.0,90.0,58.0,86.0
12,12,vzkkbsdqjb@school.edu,2166785718,Lgkazbra Uowqkuaxgu,54.0,92.0,84.0,51.0,71.0,71.0,81.0,76.0,90.0,70.0,90.0,77.0,79.0,84.0,51.0,71.0,85.0,67.0,79.0,99.0
13,13,mjfeos@school.edu,6169400059,Tzannr Bzomti,96.0,75.0,83.0,52.0,52.0,78.0,55.0,57.0,69.0,74.0,72.0,79.0,64.0,82.0,77.0,95.0,78.0,50.0,71.0,84.0
14,14,gztomzqhdtt@school.edu,2720732191,Syhgzaui Ikjyqi,86.0,51.0,67.0,62.0,93.0,57.0,62.0,74.0,90.0,65.0,50.0,53.0,95.0,68.0,78.0,88.0,91.0,73.0,98.0,69.0
15,15,lbgfu@school.edu,2815880110,Jpmxvsai Uptsrfradr,81.0,88.0,81.0,80.0,100.0,59.0,55.0,91.0,59.0,68.0,59.0,55.0,60.0,66.0,74.0,71.0,67.0,50.0,77.0,66.0
16,16,slrwlale@school.edu,1580817508,Svwyqelv Ovcgtjaw,67.0,60.0,69.0,71.0,85.0,88.0,74.0,68.0,70.0,86.0,79.0,65.0,53.0,100.0,93.0,86.0,98.0,69.0,52.0,63.0
17,17,atyuuyf@school.edu,9340058784,Skqhtzg Jhlotyt,67.0,74.0,67.0,69.0,53.0,64.0,51.0,81.0,85.0,62.0,55.0,54.0,53.0,57.0,97.0,78.0,79.0,80.0,63.0,72.0
18,18,ndiqtvgdle@school.edu,4588298612,Ehxiicbfen Cpnaadnje,51.0,80.0,98.0,85.0,96.0,66.0,100.0,98.0,96.0,52.0,68.0,100.0,86.0,68.0,75.0,70.0,59.0,81.0,73.0,68.0
19,19,yefjeyizmgbmu@school.edu,4325802325,Sfztgwnn Nboubu,55.0,63.0,90.0,54.0,57.0,94.0,99.0,87.0,55.0,72.0,55.0,81.0,81.0,99.0,56.0,51.0,86.0,60.0,91.0,80.0
20,20,tdwtjx@school.edu,1563388784,Jblwcpad Qyumce,81.0,78.0,54.0,69.0,88.0,78.0,80.0,68.0,86.0,81.0,54.0,99.0,78.0,54.0,77.0,84.0,97.0,98.0,77.0,84.0
21,21,miuwlmwff@school.edu,6470760017,Bkpraahvt Rxifljtee,89.0,88.0,51.0,71.0,99.0,95.0,74.0,100.0,73.0,76.0,52.0,81.0,80.0,85.0,72.0,67.0,89.0,88.0,93.0,100.0
22,22,gxobodffig@school.edu,5909802504,Eeonyxkogl Gpgayfeu,59.0,70.0,96.0,72.0,52.0,94.0,64.0,75.0,93.0,50.0,89.0,64.0,56.0,53.0,73.0,65.0,69.0,60.0,57.0,86.0
23,23,ofvpeuweffkou@school.edu,3446954943,Pzmqrldfyh Ajqzumuf,88.0,93.0,94.0,69.0,63.0,83.0,79.0,91.0,79.0,74.0,61.0,61.0,61.0,92.0,70.0,70.0,82.0,51.0,54.0,61.0
24,24,wosvudf@school.edu,4876862657,Yldzrlqn Jmblqmiims,74.0,61.0,84.0,89.0,62.0,94.0,67.0,60.0,88.0,63.0,73.0,65.0,99.0,65.0,55.0,52.0,59.0,53.0,71.0,83.0
25,25,orqem@school.edu,1991684124,Noxdpqycs Iqkxpt,56.0,98.0,87.0,65.0,84.0,52.0,74.0,70.0,100.0,85.0,98.0,56.0,90.0,54.0,59.0,63.0,73.0,96.0,65.0,80.0
26,26,fjcsfpznlnq@school.edu,9571781509,Smlkkfd Zdtao,65.0,81.0,57.0,88.0,93.0,89.0,51.0,81.0,71.0,73.0,88.0,89.0,61.0,73.0,63.0,78.0,67.0,63.0,79.0,100.0
27,27,kwjzcjajqw@school.edu,7462995973,Noorwsar Xhrzcfmmqb,86.0,53.0,72.0,86.0,51.0,96.0,96.0,62.0,92.0,94.0,89.0,50.0,73.0,70.0,59.0,91.0,63.0,51.0,75.0,53.0
28,28,qjpundwgikcp@school.edu,5365613079,Tgqkhhwkto Zqosetwyh,97.0,79.0,53.0,71.0,94.0,88.0,65.0,64.0,53.0,81.0,98.0,65.0,92.0,66.0,76.0,86.0,68.0,71.0,58.0,79.0
29,29,kctix@school.edu,1718485091,Xlqqnsowyp Kacsgnyzkt,57.0,59.0,95.0,81.0,93.0,52.0,84.0,53.0,66.0,78.0,76.0,90.0,52.0,56.0,96.0,91.0,85.0,57.0,88.0,85.0
30,30,khihkc@school.edu,2676590055,Dqqukdakf Aqqknegg,59.0,61.0,97.0,70.0,70.0,76.0,50.0,89.0,80.0,93.0,56.0,97.0,66.0,56.0,70.0,98.0,84.0,59.0,81.0,83.0
31,31,joihlz@school.edu,8227810715,Ixjspuui Pegprucpaj,97.0,95.0,88.0,51.0,60.0,63.0,51.0,67.0,68.0,84.0,90.0,64.0,66.0,57.0,85.0,62.0,93.0,67.0,57.0,54.0
32,32,kbopiww@school.edu,6158541032,Tvptswo Hyznwe,89.0,94.0,53.0,67.0,91.0,55.0,93.0,96.0,57.0,96.0,89.0,68.0,76.0,82.0,88.0,51.0,94.0,74.0,75.0,86.0
33,33,axjic@school.edu,1391891410,Qgjaos Clanmdslpv,90.0,88.0,54.0,78.0,76.0,52.0,73.0,97.0,70.0,58.0,89.0,62.0,53.0,93.0,96.0,57.0,74.0,67.0,99.0,64.0
34,34,gbnzzk@school.edu,8856270558,Pmezgtpj Sfnwx,67.0,56.0,87.0,87.0,61.0,97.0,97.0,96.0,96.0,94.0,70.0,88.0,100.0,76.0,65.0,90.0,73.0,68.0,52.0,51.0
35,35,zudiojo@school.edu,8700477732,Rpbrxitpd Venvaq,63.0,65.0,100.0,53.0,92.0,79.0,95.0,60.0,96.0,72.0,53.0,60.0,94.0,94.0,84.0,64.0,90.0,94.0,90.0,85.0
36,36,ueggwbgqvonda@school.edu,6706186426,Hypwdysx Nrudccq,67.0,54.0,66.0,81.0,99.0,91.0,99.0,52.0,89.0,62.0,71.0,91.0,56.0,90.0,55.0,59.0,55.0,72.0,61.0,100.0
37,37,xvxlpsvlvmz@school.edu,3680656535,Lybytujoae Zkkjbllwgg,59.0,61.0,84.0,59.0,73.0,79.0,95.0,51.0,73.0,70.0,72.0,81.0,56.0,83.0,65.0,56.0,82.0,81.0,59.0,88.0
38,38,ebqnzki@school.edu,6999480977,Ahpej Yfrtd,91.0,56.0,65.0,77.0,75.0,90.0,100.0,89.0,51.0,78.0,50.0,98.0,89.0,64.0,71.0,72.0,75.0,78.0,51.0,71.0
39,39,kvolwqgseujye@school.edu,9761210244,Qktliuqa Kzmwc,90.0,50.0,64.0,67.0,72.0,54.0,84.0,90.0,62.0,93.0,79.0,94.0,76.0,60.0,55.0,83.0,84.0,52.0,75.0,59.0
40,40,qtjeup@school.edu,5504430136,Nqhgrtp Yifvai,92.0,91.0,82.0,55.0,91.0,55.0,66.0,95.0,61.0,97.0,73.0,85.0,94.0,90.0,58.0,62.0,99.0,70.0,94.0,50.0
41,41,mcfyytknvk@school.edu,1416823257,Ocflti Bzczostydl,98.0,70.0,86.0,81.0,79.0,63.0,59.0,92.0,76.0,93.0,81.0,70.0,83.0,86.0,87.0,80.0,68.0,78.0,65.0,92.0
42,42,qsckorjtim@school.edu,6718505439,Mtcuecisej Hekyvrj,95.0,86.0,52.0,81.0,93.0,76.0,98.0,92.0,69.0,86.0,90.0,52.0,74.0,63.0,81.0,85.0,88.0,55.0,53.0,74.0
43,43,ltlshqhmflwev@school.edu,5457310491,Sgnrpgagt Tnftopa,73.0,92.0,99.0,100.0,52.0,62.0,84.0,91.0,84.0,62.0,87.0,66.0,76.0,80.0,79.0,51.0,78.0,79.0,52.0,96.0
44,44,xaguikvtwyak@school.edu,6173439713,Urimqprkr Djuisyvbo,96.0,94.0,56.0,97.0,82.0,66.0,87.0,80.0,80.0,66.0,96.0,71.0,96.0,67.0,75.0,95.0,81.0,84.0,73.0,55.0
45,45,oymxemtg@school.edu,6542452645,Cqbxshpx Wlxlih,95.0,77.0,86.0,85.0,59.0,58.0,85.0,54.0,68.0,68.0,83.0,78.0,67.0,60.0,96.0,60.0,79.0,88.0,98.0,68.0
46,46,anbtbzxnkxkc@school.edu,4753118606,Xtrtpmqyl Amcijkc,92.0,78.0,90.0,51.0,83.0,56.0,81.0,88.0,53.0,86.0,67.0,70.0,92.0,72.0,56.0,55.0,64.0,91.0,85.0,75.0
47,47,nhpedeicrhmcs@school.edu,5718190057,Hdagki Dbdkknvo,71.0,54.0,89.0,87.0,77.0,73.0,86.0,78.0,99.0,79.0,88.0,85.0,66.0,60.0,70.0,64.0,100.0,54.0,95.0,66.0
48,48,kcwnqrhaksq@school.edu,8286449202,Apizdhdgdn Dlwphfhb,51.0,60.0,99.0,89.0,54.0,67.0,90.0,84.0,66.0,59.0,57.0,97.0,54.0,84.0,96.0,89.0,50.0,94.0,52.0,90.0
49,49,xefaqejymj@school.edu,8851148135,Iwidywmkeq Qxrgvk,55.0,91.0,95.0,75.0,50.0,71.0,55.0,70.0,70.0,82.0,93.0,60.0,81.0,100.0,82.0,52.0,100.0,98.0,99.0,69.0
50,50,fiqyykdl@school.edu,3146496241,Zspwja Qjdlg,90.0,55.0,86.0,93.0,86.0,92.0,74.0,86.0,64.0,53.0,98.0,94.0,82.0,67.0,84.0,73.0,67.0,71.0,54.0,51.0
51,51,sybewxdxry@school.edu,4588981273,Teekn Wpqujx,78.0,89.0,94.0,91.0,90.0,68.0,69.0,97.0,52.0,61.0,88.0,75.0,65.0,71.0,76.0,73.0,91.0,77.0,87.0,87.0
52,52,pkzcxzu@school.edu,1809811114,Juapxgpn Rgrptvfniu,89.0,54.0,89.0,65.0,54.0,93.0,94.0,82.0,59.0,63.0,83.0,70.0,100.0,73.0,52.0,65.0,59.0,67.0,53.0,95.0
53,53,kushtsddt@school.edu,3513487464,Jdikjlzu Gijfgmwh,54.0,66.0,73.0,53.0,51.0,55.0,72.0,82.0,51.0,86.0,50.0,74.0,64.0,93.0,96.0,52.0,71.0,97.0,73.0,99.0
54,54,uuanzokad@school.edu,9312370931,Iuwoal Zqeem,89.0,73.0,53.0,64.0,89.0,68.0,88.0,95.0,74.0,94.0,76.0,73.0,61.0,58.0,52.0,94.0,66.0,77.0,59.0,89.0
55,55,rbnvatnnjz@school.edu,1975917381,Geqltuu Vcyykf,98.0,66.0,100.0,73.0,99.0,71.0,74.0,71.0,87.0,82.0,80.0,85.0,59.0,77.0,95.0,64.0,58.0,86.0,69.0,78.0
56,56,esgbam@school.edu,4806493450,Gwnrr Jvvnpd,93.0,84.0,78.0,77.0,85.0,99.0,85.0,93.0,93.0,91.0,50.0,88.0,85.0,71.0,98.0,60.0,50.0,67.0,58.0,82.0
57,57,hengfyk@school.edu,3495072998,Uipokxndi Ehkifn,63.0,82.0,51.0,68.0,78.0,96.0,87.0,51.0,55.0,66.0,70.0,83.0,58.0,73.0,97.0,95.0,54.0,90.0,73.0,97.0
58,58,rlntqyxkcub@school.edu,7613103589,Detrxu Vcemasvq,87.0,50.0,100.0,94.0,70.0,52.0,88.0,65.0,75.0,90.0,94.0,80.0,80.0,81.0,85.0,54.0,88.0,88.0,55.0,71.0
59,59,jewcgxxlds@school.edu,1923646604,Azghbjb Butnimrzc,72.0,88.0,94.0,71.0,76.0,86.0,98.0,95.0,82.0,89.0,70.0,77.0,92.0,70.0,86.0,59.0,88.0,82.0,61.0,75.0
60,60,txfaxebqvdgd@school.edu,2331749283,Dyzwdluh Ogsehqzvs,64.0,86.0,90.0,54.0,92.0,80.0,68.0,66.0,89.0,96.0,83.0,68.0,55.0,84.0,72.0,80.0,98.0,89.0,95.0,76.0
61,61,fivmbsamzcrw@school.edu,8526973014,Atrxi Mptwwxds,57.0,87.0,50.0,100.0,54.0,74.0,56.0,55.0,52.0,91.0,97.0,96.0,96.0,57.0,86.0,92.0,80.0,57.0,100.0,91.0
62,62,ncztib@school.edu,2155157340,Drpjedooc Vpcjeumd,89.0,82.0,71.0,60.0,81.0,81.0,94.0,97.0,60.0,86.0,78.0,60.0,94.0,51.0,53.0,88.0,99.0,65.0,91.0,97.0
63,63,eeneeauidgeue@school.edu,6887372093,Zlobblc Fcdcdx,73.0,81.0,94.0,86.0,66.0,53.0,80.0,80.0,73.0,61.0,56.0,87.0,81.0,63.0,73.0,78.0,65.0,98.0,82.0,83.0
64,64,ddvktv@school.edu,6879789863,Hrybomrb Fwoqvn,90.0,95.0,89.0,62.0,77.0,62.0,76.0,82.0,73.0,78.0,82.0,54.0,84.0,85.0,59.0,85.0,63.0,86.0,55.0,74.0
65,65,yehkp@school.edu,1733822522,Mejrepdgp Tocmcybqsn,79.0,76.0,55.0,89.0,51.0,67.0,69.0,88.0,62.0,73.0,94.0,70.0,81.0,77.0,56.0,89.0,74.0,93.0,100.0,77.0
66,66,zsvjfe@school.edu,4089577474,Blyexturg Gkwkmqub,53.0,54.0,82.0,94.0,68.0,78.0,91.0,75.0,73.0,74.0,92.0,78.0,50.0,92.0,73.0,73.0,93.0,78.0,90.0,74.0
67,67,bucmxbkuo@school.edu,8730534982,Jajyjkp Fybuzhhm,50.0,56.0,86.0,56.0,88.0,91.0,75.0,67.0,69.0,62.0,96.0,67.0,95.0,79.0,64.0,98.0,60.0,68.0,90.0,64.0
68,68,rsbakmwxaygjj@school.edu,1925504699,Eyrkaqj Phaswdps,75.0,66.0,85.0,76.0,77.0,59.0,74.0,79.0,87.0,91.0,74.0,58.0,60.0,77.0,65.0,70.0,73.0,60.0,57.0,91.0
69,69,cuyjkpgjlagzy@school.edu,1357993845,Ainperig Odwndmxyk,55.0,95.0,56.0,56.0,93.0,54.0,81.0,50.0,78.0,74.0,84.0,78.0,85.0,59.0,73.0,54.0,52.0,78.0,66.0,58.0
70,70,mvsfmgbzq@school.edu,5305859272,Miaex Tnzht,87.0,96.0,73.0,100.0,71.0,53.0,85.0,80.0,71.0,87.0,100.0,70.0,63.0,60.0,78.0,61.0,81.0,68.0,80.0,78.0
71,71,vxhevel@school.edu,5713992406,Kpkarm Gdadnrwl,60.0,64.0,69.0,86.0,91.0,95.0,95.0,95.0,89.0,85.0,78.0,78.0,95.0,75.0,81.0,74.0,78.0,75.0,99.0,91.0
72,72,iecisqcfv@school.edu,1654605015,Luteg Byakgihpsu,75.0,97.0,86.0,99.0,53.0,88.0,70.0,75.0,89.0,68.0,55.0,92.0,100.0,72.0,87.0,80.0,100.0,66.0,91.0,79.0
73,73,ycmrqu@school.edu,5383868385,Trepufru Znmwmjcqu,60.0,98.0,69.0,64.0,72.0,87.0,53.0,93.0,72.0,93.0,65.0,86.0,76.0,80.0,67.0,52.0,54.0,95.0,88.0,74.0
74,74,qdlgghonnywfb@school.edu,9359602634,Acsbmxs Nmmio,60.0,95.0,70.0,52.0,99.0,63.0,85.0,52.0,54.0,53.0,90.0,79.0,52.0,97.0,73.0,80.0,60.0,64.0,79.0,95.0
75,75,filtilt@school.edu,7111164818,Aqpwbxj Eqqdg,69.0,97.0,84.0,70.0,58.0,77.0,93.0,78.0,97.0,84.0,72.0,72.0,90.0,69.0,67.0,69.0,75.0,62.0,91.0,100.0
76,76,gunwpjwdyhy@school.edu,3645588217,Ksoighgkoe Wowjgje,97.0,86.0,96.0,82.0,58.0,81.0,68.0,79.0,99.0,62.0,72.0,84.0,81.0,56.0,98.0,74.0,71.0,77.0,56.0,87.0
77,77,iyvpf@school.edu,3109341325,Bcurowvhdt Idgejxolts,52.0,91.0,50.0,91.0,90.0,98.0,73.0,51.0,90.0,84.0,69.0,57.0,58.0,75.0,90.0,61.0,90.0,55.0,78.0,92.0
78,78,qgkyltfbwn@school.edu,9436053942,Sftuefch Zheli,56.0,78.0,98.0,93.0,77.0,85.0,93.0,52.0,98.0,94.0,64.0,75.0,83.0,54.0,73.0,92.0,58.0,66.0,98.0,51.0
79,79,bxzqdfagsvkvx@school.edu,1319175165,Klttilcos Uparzoto,50.0,61.0,62.0,80.0,62.0,62.0,79.0,83.0,71.0,59.0,81.0,78.0,51.0,61.0,70.0,86.0,76.0,69.0,79.0,52.0
80,80,nanalqzdbuikf@school.edu,5778283567,Zaskrpd Wvyffik,94.0,78.0,51.0,62.0,77.0,55.0,95.0,67.0,88.0,54.0,85.0,98.0,86.0,79.0,82.0,61.0,80.0,76.0,100.0,63.0
81,81,farjvzjo@school.edu,9199241808,Spwgis Dnebtjvv,92.0,82.0,60.0,96.0,96.0,81.0,96.0,80.0,77.0,79.0,95.0,91.0,96.0,50.0,93.0,80.0,52.0,88.0,88.0,84.0
82,82,ndyxjvinz@school.edu,2350427247,Qayzr Umjkvobt,91.0,63.0,69.0,51.0,51.0,88.0,62.0,99.0,87.0,59.0,69.0,66.0,73.0,54.0,63.0,57.0,97.0,96.0,90.0,59.0
83,83,aolhzzzyej@school.edu,3999091309,Fzlpgtwnae Iuyiztn,83.0,96.0,75.0,75.0,95.0,89.0,82.0,77.0,63.0,83.0,87.0,61.0,51.0,70.0,62.0,76.0,52.0,99.0,54.0,54.0
84,84,qtnnxzhb@school.edu,4447959340,Vlgxfzhw Azdacqwy,68.0,67.0,93.0,54.0,79.0,56.0,57.0,92.0,69.0,78.0,57.0,86.0,50.0,65.0,98.0,63.0,89.0,58.0,66.0,86.0
85,85,ugtynssr@school.edu,3533404338,Unkvd Wklhreycvv,71.0,88.0,50.0,97.0,87.0,94.0,96.0,83.0,78.0,76.0,53.0,66.0,55.0,94.0,84.0,66.0,82.0,73.0,53.0,87.0
86,86,syxcxxnqzpc@school.edu,5071169070,Egcos Oqitbxm,59.0,66.0,80.0,79.0,89.0,55.0,65.0,90.0,54.0,68.0,52.0,65.0,92.0,74.0,95.0,94.0,55.0,91.0,62.0,51.0
87,87,dvtsknvkw@school.edu,7721483740,Nhbsp Dgszg,65.0,89.0,60.0,90.0,97.0,61.0,59.0,91.0,74.0,56.0,85.0,88.0,92.0,82.0,77.0,65.0,86.0,89.0,50.0,66.0
88,88,lmflptbpeyx@school.edu,9917919599,Xkmqrmajco Aekrltlrwi,83.0,83.0,99.0,57.0,59.0,98.0,88.0,97.0,71.0,87.0,72.0,87.0,74.0,77.0,54.0,55.0,90.0,68.0,90.0,72.0
89,89,aqedjqzbmfbxr@school.edu,5620980513,Vtofduhwe Mozyh,61.0,89.0,99.0,73.0,76.0,79.0,52.0,67.0,92.0,73.0,94.0,52.0,78.0,65.0,88.0,53.0,95.0,77.0,77.0,83.0
90,90,fjhggllieo@school.edu,8707937116,Qnwnx Vsxbxwy,91.0,75.0,83.0,91.0,66.0,99.0,64.0,74.0,91.0,65.0,87.0,75.0,80.0,57.0,68.0,63.0,51.0,75.0,99.0,97.0
91,91,tdyxnkfctsm@school.edu,3011308176,Trotd Uozmlilwe,74.0,90.0,99.0,69.0,98.0,78.0,61.0,72.0,93.0,100.0,58.0,59.0,86.0,54.0,79.0,86.0,97.0,68.0,100.0,59.0
92,92,ojepdegnadc@school.edu,8724969887,Nlvkc Vrxebowh,88.0,58.0,77.0,59.0,60.0,83.0,99.0,65.0,58.0,91.0,94.0,50.0,56.0,58.0,59.0,71.0,61.0,61.0,50.0,50.0
93,93,ozkgnthagifd@school.edu,6882890198,Mgupxee Xutmz,67.0,83.0,75.0,73.0,61.0,96.0,72.0,58.0,91.0,51.0,52.0,67.0,64.0,51.0,73.0,93.0,73.0,68.0,99.0,77.0
94,94,ntkovbik@school.edu,5363421992,Mepkhiabh Bycsa,90.0,73.0,89.0,63.0,59.0,85.0,99.0,55.0,72.0,75.0,99.0,99.0,99.0,74.0,81.0,64.0,100.0,87.0,79.0,78.0
95,95,lefopep@school.edu,6041877725,Abyijegnjm Bnhogaxby,99.0,79.0,59.0,99.0,80.0,89.0,95.0,91.0,87.0,96.0,96.0,76.0,57.0,73.0,50.0,84.0,51.0,96.0,51.0,64.0
96,96,zjevufsyv@school.edu,5320792423,Lqsvqkae Aagonsqj,83.0,82.0,71.0,74.0,79.0,92.0,74.0,91.0,66.0,66.0,93.0,60.0,90.0,61.0,53.0,71.0,63.0,71.0,95.0,98.0
97,97,rmzvfdqc@school.edu,2367577876,Zytzzz Bzaxqw,70.0,97.0,90.0,57.0,62.0,71.0,82.0,61.0,51.0,66.0,84.0,93.0,76.0,58.0,80.0,83.0,89.0,84.0,86.0,99.0
98,98,glmawo@school.edu,5176254810,Faypt Utcewdmv,97.0,63.0,90.0,69.0,92.0,58.0,74.0,74.0,92.0,67.0,90.0,95.0,77.0,56.0,77.0,75.0,92.0,88.0,68.0,93.0
99,99,mfwuaorshy@school.edu,8776893713,Zjsfy Bgkurczuqj,76.0,71.0,60.0,63.0,81.0,81.0,79.0,88.0,100.0,82.0,99.0,51.0,80.0,74.0,68.0,81.0,71.0,94.0,92.0,59.0
100,100,qdhepepcaayi@school.edu,4547295787,Nfjgqfqsfz Mwajkkotma,73.0,89.0,93.0,53.0,55.0,89.0,87.0,53.0,71.0,89.0,64.0,65.0,87.0,50.0,71.0,52.0,93.0,59.0,94.0,68.0
101,101,gylrht@school.edu,4805654887,Nzrmlmydal Djegnkxgmd,59.0,67.0,84.0,72.0,69.0,65.0,55.0,85.0,74.0,84.0,96.0,96.0,56.0,61.0,61.0,56.0,74.0,79.0,67.0,75.0
102,102,eqiezserhuflk@school.edu,1280581755,Astdguuur Smpnvl,72.0,98.0,86.0,57.0,88.0,85.0,54.0,84.0,65.0,63.0,53.0,81.0,66.0,78.0,90.0,85.0,71.0,52.0,51.0,77.0
103,103,vktowtqjrejyy@school.edu,1300481497,Numwacupfa Fiwxjz,77.0,69.0,88.0,77.0,72.0,55.0,67.0,64.0,68.0,50.0,59.0,88.0,85.0,54.0,87.0,72.0,77.0,66.0,61.0,92.0
104,104,qockdaepya@school.edu,8084929465,Lzhetcv Ucoqthmfa,78.0,64.0,70.0,83.0,64.0,54.0,56.0,60.0,82.0,85.0,96.0,50.0,67.0,89.0,67.0,53.0,96.0,90.0,92.0,69.0
105,105,gqaelhoneev@school.edu,4898102293,Zoxpaxjbde Dlhqub,50.0,94.0,56.0,90.0,52.0,76.0,89.0,89.0,93.0,74.0,81.0,62.0,75.0,99.0,74.0,51.0,56.0,61.0,70.0,91.0
106,106,eyyir@school.edu,3019320878,Kvhonqn Knrff,70.0,57.0,95.0,57.0,61.0,88.0,97.0,71.0,85.0,52.0,91.0,57.0,83.0,95.0,56.0,61.0,80.0,55.0,59.0,85.0
107,107,cssebvsvdzmxs@school.edu,2770891948,Ogqbyvdrds Uwotru,52.0,56.0,78.0,75.0,88.0,82.0,75.0,93.0,51.0,91.0,77.0,66.0,78.0,89.0,72.0,92.0,95.0,71.0,57.0,91.0
108,108,boplid@school.edu,1760148616,Yforasux Klfvza,99.0,94.0,65.0,87.0,52.0,95.0,55.0,59.0,79.0,71.0,57.0,83.0,80.0,51.0,94.0,90.0,77.0,94.0,97.0,82.0
109,109,luecdjeomw@school.edu,6658688894,Ezqduegtw Mkkuas,59.0,58.0,86.0,74.0,56.0,60.0,81.0,74.0,82.0,78.0,94.0,84.0,75.0,78.0,98.0,80.0,66.0,96.0,87.0,66.0
110,110,qynfryihrutdg@school.edu,4615152775,Jhcso Yckrwc,87.0,65.0,50.0,81.0,87.0,78.0,57.0,92.0,86.0,63.0,84.0,93.0,69.0,64.0,61.0,62.0,86.0,94.0,53.0,76.0
111,111,ncbfl@school.edu,3180913237,Syrlf Yytuqgf,56.0,62.0,96.0,65.0,68.0,82.0,68.0,50.0,76.0,54.0,56.0,61.0,62.0,100.0,86.0,89.0,94.0,69.0,93.0,65.0
112,112,qvcopqk@school.edu,7633106416,Ftuujny Fsudfpggjk,69.0,90.0,54.0,98.0,65.0,80.0,93.0,98.0,92.0,60.0,73.0,71.0,67.0,61.0,56.0,59.0,59.0,72.0,99.0,52.0
113,113,dtkuetvs@school.edu,2218728864,Fbxfix Txjut,51.0,64.0,93.0,61.0,79.0,74.0,52.0,78.0,94.0,84.0,78.0,87.0,93.0,95.0,78.0,68.0,81.0,90.0,75.0,60.0
114,114,xcffbrqnu@school.edu,9908325406,Uufdotqlyz Efohbrtxh,50.0,57.0,59.0,95.0,88.0,55.0,100.0,100.0,90.0,81.0,98.0,88.0,62.0,90.0,84.0,67.0,80.0,76.0,77.0,70.0
115,115,ierurjczyulg@school.edu,4784887422,Druxmwdamc Xjlmjnvb,87.0,79.0,56.0,97.0,93.0,79.0,91.0,61.0,66.0,54.0,50.0,84.0,72.0,70.0,90.0,53.0,56.0,70.0,51.0,93.0
116,116,qkkrvoyzbui@school.edu,6947336674,Yvorivep Yffua,57.0,69.0,83.0,64.0,87.0,69.0,73.0,58.0,77.0,85.0,63.0,94.0,62.0,50.0,93.0,70.0,75.0,67.0,72.0,89.0
117,117,lgolbsc@school.edu,1429661870,Roxzehgydv Asaqsa,99.0,87.0,63.0,90.0,81.0,53.0,91.0,81.0,91.0,64.0,89.0,61.0,63.0,95.0,89.0,89.0,62.0,93.0,79.0,89.0
118,118,zzughrqn@school.edu,3211305037,Skbxe Gpulvmyrz,57.0,99.0,72.0,90.0,69.0,70.0,91.0,61.0,56.0,62.0,94.0,98.0,80.0,64.0,100.0,69.0,90.0,90.0,100.0,79.0
119,119,gomxj@school.edu,3723076187,Zepohxz Uypotde,79.0,91.0,85.0,97.0,69.0,71.0,94.0,68.0,58.0,95.0,56.0,54.0,75.0,51.0,84.0,84.0,62.0,63.0,97.0,62.0
120,120,mdsslmvaihx@school.edu,3795993460,Joxivvft Fvdfurmc,81.0,100.0,76.0,56.0,77.0,77.0,83.0,89.0,67.0,83.0,59.0,92.0,87.0,74.0,98.0,83.0,70.0,94.0,72.0,86.0
121,121,evexcxvsh@school.edu,6669633220,Vinfua Yqzvo,57.0,54.0,62.0,55.0,70.0,53.0,82.0,98.0,76.0,52.0,64.0,77.0,87.0,81.0,71.0,68.0,95.0,92.0,62.0,70.0
122,122,zlkykdjmwzzx@school.edu,9536648218,Kgkodeova Kykngto,90.0,88.0,56.0,93.0,85.0,85.0,96.0,61.0,82.0,70.0,89.0,87.0,57.0,56.0,90.0,54.0,56.0,89.0,84.0,91.0
123,123,sgiqbxhm@school.edu,3800600807,Feeiq Dkyzty,66.0,82.0,80.0,85.0,96.0,88.0,84.0,96.0,78.0,62.0,65.0,81.0,92.0,99.0,67.0,53.0,85.0,82.0,80.0,90.0
124,124,jokngypargc@school.edu,1507825370,Icqihh Jeljhgzhr,92.0,54.0,88.0,63.0,73.0,63.0,66.0,57.0,70.0,61.0,78.0,70.0,62.0,71.0,65.0,95.0,100.0,61.0,79.0,91.0
125,125,rvhwjxc@school.edu,3635443040,Hbaji Qasdanbq,86.0,62.0,77.0,64.0,79.0,85.0,85.0,86.0,90.0,67.0,52.0,53.0,70.0,55.0,60.0,72.0,87.0,54.0,57.0,99.0
126,126,nvucfxp@school.edu,4494386748,Yoogkynl Simafe,71.0,52.0,65.0,51.0,58.0,71.0,54.0,76.0,52.0,66.0,63.0,99.0,63.0,77.0,53.0,60.0,87.0,63.0,81.0,66.0
127,127,ynettaz@school.edu,7463088092,Bevpottfzv Ejplmapki,51.0,58.0,86.0,69.0,100.0,89.0,71.0,97.0,59.0,61.0,62.0,69.0,99.0,78.0,91.0,50.0,81.0,60.0,100.0,80.0
128,128,zdxpx@school.edu,6723888551,Gslhmsu Pobrikdr,90.0,93.0,75.0,76.0,94.0,67.0,99.0,89.0,71.0,61.0,64.0,62.0,59.0,74.0,58.0,71.0,59.0,56.0,79.0,64.0
129,129,dqzlx@school.edu,5188341778,Xvbjawrxla Ufjbxxc,82.0,91.0,83.0,65.0,55.0,59.0,93.0,62.0,52.0,62.0,66.0,51.0,61.0,73.0,94.0,55.0,68.0,88.0,55.0,91.0
130,130,mbdyptlhksfq@school.edu,5909608393,Clnldfd Wzsxpvgzv,59.0,82.0,68.0,97.0,55.0,86.0,85.0,57.0,72.0,80.0,93.0,92.0,61.0,78.0,50.0,70.0,98.0,81.0,98.0,57.0
131,131,tpsria@school.edu,1451931248,Fjhquze Lnabjefjp,85.0,89.0,87.0,69.0,69.0,61.0,74.0,65.0,73.0,80.0,51.0,54.0,74.0,89.0,50.0,59.0,53.0,70.0,98.0,80.0
132,132,arcyr@school.edu,8325245100,Lssfeqpqqf Hsizxtl,73.0,85.0,73.0,90.0,64.0,54.0,79.0,73.0,80.0,52.0,74.0,66.0,99.0,86.0,51.0,100.0,88.0,81.0,82.0,82.0
133,133,aiibbndaowg@school.edu,1771079312,Wtcggehf Qxvclz,87.0,92.0,94.0,88.0,96.0,88.0,58.0,57.0,69.0,91.0,66.0,90.0,60.0,61.0,57.0,58.0,51.0,79.0,84.0,67.0
134,134,bhbokaxibpo@school.edu,9474729374,Vzfrtzx Crcxus,74.0,69.0,90.0,72.0,97.0,90.0,85.0,96.0,92.0,91.0,66.0,73.0,86.0,79.0,74.0,79.0,60.0,73.0,62.0,67.0
135,135,ldyiv@school.edu,6358441354,Sjrzgxtycz Ybazuhwnmt,51.0,78.0,57.0,100.0,98.0,69.0,93.0,67.0,70.0,100.0,52.0,54.0,51.0,61.0,99.0,96.0,100.0,97.0,67.0,55.0
136,136,olerlh@school.edu,8509651030,Sntfiz Tadqxtns,62.0,76.0,60.0,84.0,50.0,52.0,51.0,62.0,62.0,87.0,69.0,62.0,51.0,76.0,63.0,85.0,97.0,55.0,85.0,57.0
137,137,jevoruyz@school.edu,1201926398,Kgtbkc Wrgivpd,96.0,64.0,73.0,100.0,53.0,64.0,91.0,89.0,92.0,96.0,79.0,82.0,94.0,59.0,60.0,79.0,65.0,71.0,55.0,61.0
138,138,zceorhxu@school.edu,8042890882,Kbeljfehr Etnphjwp,54.0,83.0,89.0,98.0,58.0,57.0,79.0,96.0,65.0,51.0,58.0,63.0,96.0,61.0,95.0,82.0,64.0,60.0,100.0,81.0
139,139,jrfdrctpxetr@school.edu,5377163199,Kurjqdh Snwxbd,82.0,56.0,58.0,50.0,90.0,68.0,59.0,98.0,87.0,77.0,70.0,51.0,71.0,57.0,84.0,56.0,58.0,94.0,93.0,78.0
140,140,auagoiszoj@school.edu,3026974696,Zxzjpanbm Ozdpdfzvf,81.0,83.0,73.0,91.0,86.0,93.0,69.0,83.0,73.0,55.0,79.0,68.0,62.0,91.0,94.0,50.0,69.0,67.0,93.0,54.0
141,141,qkmsgil@school.edu,3101634737,Zqeovpmtg Ujsdsmsl,97.0,68.0,64.0,91.0,77.0,62.0,51.0,95.0,83.0,58.0,81.0,85.0,88.0,56.0,100.0,50.0,93.0,69.0,90.0,87.0
142,142,ehngvcg@school.edu,1489983878,Xoydu Lccprmji,53.0,83.0,79.0,95.0,61.0,59.0,55.0,72.0,60.0,69.0,58.0,98.0,99.0,83.0,86.0,70.0,55.0,66.0,78.0,71.0
143,143,bqbrbhgbwkrne@school.edu,3436714215,Xunrcftam Kuiaywpegm,58.0,66.0,50.0,73.0,93.0,84.0,79.0,62.0,51.0,67.0,77.0,69.0,53.0,88.0,52.0,98.0,92.0,77.0,77.0,61.0
144,144,gyxvm@school.edu,7111529440,Whgefhu Ozbkwy,86.0,78.0,69.0,52.0,54.0,98.0,75.0,95.0,91.0,91.0,68.0,75.0,73.0,52.0,57.0,75.0,63.0,59.0,91.0,75.0
145,145,ezmvgbmz@school.edu,3325011498,Eisatjk Uqfqxnfti,89.0,56.0,74.0,53.0,65.0,85.0,70.0,50.0,67.0,65.0,93.0,82.0,79.0,93.0,89.0,52.0,83.0,61.0,90.0,72.0
146,146,wifibiaakwyty@school.edu,3514267308,Wzszksdml Znzckqodvn,68.0,56.0,62.0,79.0,68.0,52.0,56.0,68.0,90.0,70.0,74.0,59.0,81.0,78.0,82.0,77.0,91.0,53.0,85.0,85.0
147,147,aicarkbbw@school.edu,3963537127,Jqirhfn Rxnxh,78.0,83.0,60.0,86.0,50.0,98.0,80.0,66.0,59.0,96.0,93.0,54.0,86.0,80.0,51.0,51.0,60.0,64.0,59.0,68.0
148,148,lhseucnsk@school.edu,1955632338,Jzepgvbji Otazzgew,61.0,97.0,68.0,51.0,72.0,73.0,83.0,86.0,71.0,81.0,73.0,91.0,62.0,86.0,69.0,51.0,94.0,69.0,55.0,59.0
149,149,dnmbaooal@school.edu,5028812355,Zafzbynay Tlmmsd,80.0,51.0,57.0,56.0,81.0,89.0,65.0,56.0,82.0,93.0,95.0,92.0,93.0,90.0,97.0,73.0,69.0,96.0,88.0,74.0
150,150,lnkkoyxilu@school.edu,3752044558,Pzsmvyxlg Jtyvqllu,55.0,99.0,92.0,73.0,65.0,92.0,63.0,85.0,60.0,89.0,74.0,84.0,81.0,72.0,62.0,64.0,58.0,89.0,90.0,88.0
151,151,ujsfdlbvkv@school.edu,8111513143,Gfyyjdo Fcsedwndcn,73.0,96.0,54.0,65.0,76.0,83.0,96.0,95.0,97.0,92.0,88.0,60.0,69.0,74.0,94.0,65.0,93.0,84.0,85.0,69.0
152,152,dkdpp@school.edu,7175443711,Wvltun Uwqlr,78.0,53.0,97.0,65.0,68.0,86.0,89.0,58.0,55.0,92.0,56.0,87.0,72.0,92.0,58.0,76.0,95.0,70.0,93.0,81.0
153,153,udpvpwflbf@school.edu,3485281165,Dfnnlse Fxjfa,80.0,98.0,80.0,79.0,81.0,76.0,98.0,66.0,85.0,98.0,73.0,98.0,96.0,51.0,97.0,88.0,51.0,59.0,98.0,84.0
154,154,ytmagfvsgrdoi@school.edu,1081596471,Fwkcl Meytw,86.0,92.0,57.0,71.0,70.0,100.0,66.0,61.0,69.0,99.0,100.0,88.0,80.0,77.0,80.0,85.0,75.0,97.0,93.0,97.0
155,155,sukgl@school.edu,1245444037,Rrplolmd Czsape,61.0,90.0,69.0,56.0,97.0,91.0,100.0,64.0,68.0,58.0,76.0,65.0,73.0,68.0,54.0,70.0,97.0,58.0,85.0,56.0
156,156,wvcbtvats@school.edu,6084097961,Vccfdgww Hojznxx,54.0,65.0,71.0,51.0,78.0,62.0,80.0,92.0,82.0,93.0,54.0,67.0,74.0,78.0,52.0,79.0,67.0,84.0,78.0,66.0
157,157,kuonnwa@school.edu,3113536912,Mihykix Nmgimuolgj,64.0,72.0,100.0,64.0,85.0,75.0,50.0,59.0,93.0,90.0,81.0,74.0,75.0,88.0,57.0,79.0,55.0,61.0,100.0,55.0
158,158,gqkdecq@school.edu,1875895732,Koqaewu Dwodohmw,86.0,56.0,94.0,67.0,50.0,58.0,58.0,83.0,55.0,52.0,77.0,74.0,87.0,81.0,80.0,97.0,72.0,71.0,100.0,87.0
159,159,wyjyjblvlngdg@school.edu,5994000187,Qtsozfml Dbgkpjox,89.0,79.0,99.0,98.0,66.0,85.0,58.0,80.0,51.0,77.0,95.0,87.0,91.0,87.0,50.0,78.0,68.0,97.0,61.0,52.0
160,160,gyjchxywijyah@school.edu,9151370651,Qjpyk Btvojqoyl,87.0,97.0,62.0,98.0,88.0,70.0,68.0,83.0,69.0,50.0,86.0,60.0,75.0,55.0,99.0,51.0,69.0,69.0,70.0,88.0
161,161,tismk@school.edu,6856512468,Semjqw Kigex,50.0,96.0,90.0,69.0,88.0,53.0,59.0,67.0,83.0,60.0,99.0,96.0,100.0,54.0,79.0,75.0,61.0,54.0,72.0,96.0
162,162,rnvlgcky@school.edu,3092419504,Upmublgvp Rvnrfov,78.0,57.0,80.0,61.0,94.0,93.0,54.0,69.0,53.0,85.0,90.0,72.0,98.0,91.0,54.0,50.0,98.0,59.0,67.0,66.0
163,163,csxrgxvnjrabw@school.edu,8701318347,Rdivhji Lpykwvjuju,83.0,98.0,69.0,94.0,53.0,54.0,99.0,82.0,67.0,96.0,66.0,59.0,58.0,85.0,86.0,87.0,57.0,100.0,86.0,79.0
164,164,bjkykpnuunw@school.edu,5106227812,Djdubtesq Inbhftyddt,60.0,100.0,68.0,85.0,63.0,53.0,71.0,96.0,59.0,87.0,93.0,92.0,80.0,66.0,89.0,54.0,94.0,98.0,100.0,73.0
165,165,upqvmwgezsicv@school.edu,2888463812,Gscrvkoc Wreltkstu,85.0,92.0,68.0,50.0,50.0,73.0,81.0,75.0,65.0,78.0,89.0,86.0,91.0,60.0,78.0,92.0,52.0,70.0,63.0,100.0
166,166,mwasuuvyrt@school.edu,3260339241,Huahruk Zelqs,88.0,79.0,66.0,61.0,98.0,89.0,90.0,76.0,84.0,96.0,65.0,84.0,75.0,63.0,81.0,83.0,67.0,50.0,99.0,86.0
167,167,qxrug@school.edu,4626402864,Tvsvmkkjwv Mxibd,57.0,69.0,81.0,56.0,60.0,61.0,57.0,78.0,97.0,59.0,54.0,50.0,51.0,71.0,55.0,75.0,67.0,78.0,82.0,71.0
168,168,sxprtva@school.edu,5011571412,Qkgfxhhnkw Ablnnkpuy,91.0,65.0,66.0,60.0,50.0,82.0,73.0,58.0,74.0,67.0,81.0,63.0,86.0,85.0,63.0,66.0,56.0,97.0,70.0,56.0
169,169,pvrzelrki@school.edu,6930936089,Krqdg Wwsaqal,99.0,55.0,87.0,86.0,50.0,61.0,84.0,88.0,50.0,67.0,83.0,88.0,74.0,76.0,95.0,69.0,62.0,95.0,77.0,79.0
170,170,fukxyuyxshyk@school.edu,8532114058,Vdnuhmamxy Boqmhbcejy,66.0,84.0,80.0,77.0,56.0,73.0,84.0,57.0,65.0,77.0,86.0,97.0,80.0,71.0,59.0,59.0,89.0,52.0,59.0,82.0
171,171,vqnrrm@school.edu,5561803009,Pkwxrodisr Prfkywk,57.0,83.0,88.0,93.0,58.0,72.0,58.0,82.0,53.0,55.0,94.0,78.0,91.0,53.0,83.0,76.0,61.0,50.0,64.0,62.0
172,172,pvybbz@school.edu,4722133718,Zstap Pryfhykkp,84.0,60.0,78.0,67.0,79.0,50.0,93.0,83.0,62.0,54.0,99.0,56.0,77.0,91.0,81.0,61.0,100.0,92.0,99.0,100.0
173,173,kbckjow@school.edu,3474102158,Lgleweoyu Xpyir,53.0,74.0,80.0,85.0,82.0,68.0,65.0,68.0,82.0,56.0,74.0,75.0,86.0,78.0,91.0,70.0,63.0,78.0,95.0,72.0
174,174,wwsghkatcsw@school.edu,4867280283,Lvllzyew Urbmcry,57.0,96.0,88.0,92.0,78.0,56.0,72.0,71.0,91.0,50.0,70.0,97.0,63.0,98.0,50.0,75.0,74.0,64.0,63.0,92.0
175,175,abrxqmm@school.edu,5326966183,Extcro Fxvhwk,81.0,70.0,90.0,89.0,95.0,90.0,92.0,64.0,61.0,69.0,57.0,66.0,59.0,82.0,85.0,52.0,95.0,84.0,87.0,67.0
176,176,ziocfjqx@school.edu,6945976599,Lqqccm Cmsppx,77.0,68.0,77.0,53.0,94.0,91.0,51.0,82.0,86.0,54.0,75.0,85.0,74.0,76.0,59.0,100.0,61.0,79.0,66.0,78.0
177,177,edvnesgv@school.edu,7855205258,Mrjdx Mraioubb,54.0,67.0,98.0,84.0,84.0,60.0,60.0,82.0,62.0,89.0,57.0,80.0,87.0,79.0,96.0,58.0,58.0,64.0,94.0,74.0
178,178,wudxxvypbqxx@school.edu,9003867840,Cabmpjgo Ksqtakbx,94.0,67.0,75.0,54.0,54.0,82.0,65.0,92.0,54.0,99.0,90.0,85.0,83.0,88.0,61.0,50.0,92.0,78.0,64.0,71.0
179,179,ptvnbx@school.edu,4497866582,Slytffoed Ounxadiyub,56.0,60.0,74.0,77.0,78.0,55.0,79.0,79.0,88.0,76.0,96.0,88.0,92.0,52.0,84.0,96.0,82.0,93.0,91.0,74.0
180,180,osgde@school.edu,7748248844,Bcnvdjphyl Ptsqkjt,100.0,93.0,83.0,58.0,53.0,88.0,69.0,74.0,73.0,99.0,62.0,71.0,61.0,67.0,82.0,56.0,100.0,83.0,85.0,85.0
181,181,nehowtxtgug@school.edu,9698728975,Jbxphi Xwyapt,80.0,78.0,79.0,88.0,60.0,66.0,62.0,92.0,73.0,69.0,63.0,57.0,54.0,80.0,55.0,78.0,90.0,62.0,56.0,79.0
182,182,woijfnok@school.edu,9671113753,Dzcptnnles Nrckjq,92.0,90.0,86.0,63.0,93.0,54.0,76.0,74.0,77.0,85.0,62.0,62.0,56.0,64.0,57.0,57.0,85.0,97.0,80.0,67.0
183,183,evqfq@school.edu,4003480575,Xvmcj Bqaugn,66.0,83.0,81.0,67.0,88.0,86.0,100.0,77.0,93.0,70.0,99.0,65.0,77.0,76.0,94.0,59.0,76.0,84.0,98.0,89.0
184,184,edevibsyhfvcf@school.edu,9003167708,Niccp Qvcxojlrc,88.0,58.0,60.0,52.0,56.0,61.0,70.0,57.0,68.0,76.0,62.0,85.0,74.0,78.0,87.0,80.0,84.0,51.0,61.0,91.0
185,185,bbamiwhqdfgy@school.edu,1938487310,Tomvulpqew Vrzocqeloy,93.0,93.0,90.0,60.0,59.0,65.0,61.0,79.0,60.0,50.0,56.0,57.0,70.0,55.0,99.0,79.0,59.0,98.0,87.0,75.0
186,186,yssox@school.edu,5338658206,Zsnfgbcxhe Ahxmkngaqf,87.0,63.0,85.0,79.0,84.0,73.0,78.0,83.0,64.0,53.0,89.0,93.0,100.0,58.0,85.0,90.0,59.0,55.0,65.0,74.0
187,187,wecimc@school.edu,5666678255,Fjmsofcbh Xkfsy,60.0,63.0,72.0,97.0,59.0,54.0,66.0,63.0,50.0,63.0,66.0,50.0,62.0,76.0,92.0,69.0,52.0,71.0,57.0,82.0
188,188,aassosvjyjnnz@school.edu,7739527497,Sonaaib Supbhm,74.0,55.0,77.0,97.0,97.0,77.0,58.0,68.0,72.0,88.0,78.0,55.0,59.0,97.0,62.0,93.0,83.0,89.0,79.0,93.0
189,189,ruuqztm@school.edu,5514415222,Awnvmjgzwd Mpinhyjhfa,78.0,97.0,85.0,99.0,85.0,51.0,62.0,99.0,67.0,76.0,72.0,89.0,70.0,92.0,84.0,90.0,57.0,57.0,73.0,81.0
190,190,hjqymvxk@school.edu,2514090629,Nrhfkg Svchqsyyj,51.0,97.0,76.0,76.0,91.0,66.0,86.0,100.0,75.0,63.0,83.0,70.0,61.0,74.0,99.0,67.0,96.0,85.0,73.0,94.0
191,191,ggmrvuqwijy@school.edu,2645806958,Ruuizcqb Xbwpsf,98.0,65.0,86.0,82.0,53.0,63.0,87.0,54.0,96.0,85.0,85.0,78.0,94.0,70.0,90.0,86.0,55.0,75.0,62.0,94.0
192,192,jxufnn@school.edu,1039539394,Ahpxni Jrhlrbpcqg,64.0,61.0,73.0,94.0,95.0,64.0,54.0,68.0,74.0,95.0,97.0,73.0,75.0,59.0,90.0,99.0,63.0,51.0,89.0,66.0
193,193,bzwhvwvg@school.edu,4208940015,Edxzvnrgra Ljoulpoou,79.0,62.0,73.0,71.0,69.0,60.0,100.0,50.0,71.0,100.0,82.0,68.0,73.0,51.0,92.0,72.0,93.0,67.0,59.0,88.0
194,194,ephab@school.edu,3993421577,Qjyea Wsxwskho,57.0,76.0,88.0,98.0,69.0,76.0,80.0,69.0,67.0,56.0,62.0,75.0,71.0,91.0,90.0,80.0,81.0,62.0,83.0,51.0
195,195,axtobabnbs@school.edu,9925165176,Iqnww Pskipwmhwm,65.0,51.0,98.0,52.0,63.0,73.0,74.0,69.0,52.0,85.0,72.0,92.0,98.0,57.0,80.0,96.0,51.0,81.0,87.0,92.0
196,196,kirqmiedvqqwg@school.edu,3376678703,Objbflexm Ozctparqim,66.0,80.0,81.0,68.0,57.0,76.0,77.0,51.0,56.0,86.0,72.0,69.0,91.0,58.0,55.0,83.0,73.0,64.0,95.0,86.0
197,197,hizbppzvcmpb@school.edu,9072935042,Rkfdzpxxx Ryvfck,79.0,51.0,60.0,87.0,78.0,96.0,63.0,76.0,72.0,83.0,60.0,88.0,79.0,94.0,75.0,95.0,72.0,89.0,73.0,50.0
198,198,eflrlxcmsq@school.edu,5116044855,Lomqmr Kwkkrgowpd,85.0,76.0,94.0,58.0,71.0,97.0,87.0,80.0,65.0,91.0,80.0,100.0,59.0,69.0,97.0,90.0,56.0,84.0,67.0,73.0
199,199,dlnxljqdymrzp@school.edu,1570615496,Zvoyrdsssq Xieieqow,94.0,66.0,87.0,57.0,72.0,61.0,74.0,97.0,100.0,95.0,98.0,76.0,84.0,75.0,50.0,63.0,61.0,97.0,59.0,61.0
200,0,zqrbpk@school.edu,3973566964,Uxugqomexr Snnrnwpg,87.0,93.0,96.0,92.0,59.0,61.0,78.0,89.0,68.0,97.0,60.0,86.0,68.0,75.0,59.0,51.0,94.0,76.0,63.0,76.0
201,1,osutq@school.edu,1847988281,Jzjszgwaj Nepkrdl,51.0,61.0,51.0,99.0,53.0,68.0,65.0,86.0,97.0,71.0,84.0,99.0,96.0,78.0,97.0,66.0,58.0,90.0,68.0,88.0
202,2,mcjiuytcd@school.edu,2407726067,Fyxueqvjqt Cygzlcalzz,94.0,87.0,71.0,88.0,66.0,85.0,94.0,59.0,91.0,67.0,54.0,70.0,84.0,64.0,73.0,82.0,74.0,80.0,92.0,66.0
203,3,pauavk@school.edu,1478695622,Mesjr Hsvdabtyz,93.0,69.0,79.0,81.0,82.0,79.0,58.0,56.0,99.0,68.0,73.0,59.0,67.0,66.0,66.0,98.0,53.0,67.0,58.0,98.0
204,4,dtconpef@school.edu,3755603229,Yzqka Pxdzc,74.0,62.0,60.0,62.0,67.0,56.0,57.0,53.0,71.0,70.0,54.0,100.0,91.0,72.0,83.0,55.0,52.0,95.0,65.0,51.0
205,5,rmerohy@school.edu,8822231334,Fbxncvnv Olpabyhqt,67.0,69.0,87.0,68.0,64.0,65.0,53.0,73.0,78.0,52.0,60.0,87.0,80.0,94.0,94.0,72.0,57.0,87.0,86.0,87.0
206,6,rbwllntyw@school.edu,6899091323,Pznloganj Rzovcxyp,81.0,79.0,87.0,86.0,70.0,54.0,76.0,75.0,73.0,84.0,88.0,65.0,80.0,98.0,65.0,60.0,58.0,56.0,89.0,56.0
207,7,dqtefbabyzqur@school.edu,1816784024,Iyxmjdzw Vprctavvbo,87.0,65.0,53.0,98.0,89.0,50.0,73.0,71.0,95.0,60.0,89.0,51.0,53.0,85.0,81.0,65.0,86.0,66.0,70.0,77.0
208,8,uvtxkdpgila@school.edu,3068193650,Xnoswvtww Gxfuwbrq,64.0,98.0,53.0,86.0,56.0,72.0,56.0,57.0,75.0,66.0,94.0,63.0,57.0,100.0,86.0,84.0,51.0,98.0,99.0,81.0
209,9,wswgonik@school.edu,3673408512,Luprd Siijxfxm,56.0,92.0,57.0,64.0,74.0,52.0,84.0,67.0,95.0,79.0,60.0,74.0,84.0,73.0,76.0,73.0,61.0,96.0,91.0,77.0
210,10,fyqimnc@school.edu,9957436379,Modesgeikw Ehslsxbrm,54.0,56.0,82.0,96.0,88.0,92.0,62.0,58.0,80.0,71.0,91.0,53.0,89.0,98.0,71.0,66.0,85.0,64.0,55.0,67.0
211,11,drjti@school.edu,4669779826,Gdqfapenvb Zopioceopv,91.0,62.0,62.0,68.0,68.0,71.0,67.0,69.0,63.0,59.0,78.0,94.0,89.0,82.0,72.0,58.0,71.0,94.0,90.0,59.0
212,12,upzmngzwfrbye@school.edu,4057215078,Zbinapjbxb Rsoblqmea,76.0,78.0,70.0,82.0,70.0,92.0,76.0,66.0,91.0,94.0,93.0,54.0,64.0,64.0,60.0,56.0,57.0,87.0,81.0,63.0
213,13,shlxadovna@school.edu,7956316688,Fzuvisg Pjimnd,56.0,73.0,62.0,51.0,71.0,92.0,58.0,59.0,80.0,69.0,50.0,64.0,95.0,91.0,79.0,70.0,75.0,67.0,65.0,65.0
214,14,afebvht@school.edu,8270763829,Oznuv Shamzbzdz,68.0,56.0,57.0,61.0,86.0,93.0,94.0,52.0,74.0,67.0,51.0,79.0,64.0,62.0,52.0,94.0,52.0,91.0,80.0,50.0
215,15,gkzzouoaikerf@school.edu,4758475498,Owxmpsb Nwqtc,58.0,92.0,93.0,78.0,89.0,99.0,61.0,75.0,64.0,62.0,88.0,80.0,60.0,87.0,67.0,77.0,83.0,95.0,58.0,52.0
216,16,gxybkahjo@school.edu,6414639555,Gpyyraovu Zjoqhrig,66.0,86.0,57.0,52.0,57.0,99.0,91.0,71.0,55.0,98.0,74.0,96.0,73.0,69.0,82.0,66.0,57.0,80.0,51.0,85.0
217,17,ockemvduzsgjy@school.edu,5946036154,Yxmupuq Zyyns,75.0,99.0,55.0,98.0,79.0,80.0,96.0,83.0,95.0,96.0,73.0,99.0,55.0,63.0,90.0,87.0,50.0,56.0,61.0,51.0
218,18,mcgotkovjosmh@school.edu,1274030699,Enjnf Axbnpufjzm,98.0,63.0,98.0,57.0,71.0,100.0,65.0,68.0,92.0,53.0,89.0,90.0,87.0,71.0,90.0,69.0,60.0,57.0,90.0,100.0
219,19,uizgcvcbgnjw@school.edu,8975553717,Rscstwidu Kmyevuqlw,88.0,90.0,95.0,79.0,77.0,60.0,88.0,52.0,86.0,77.0,81.0,80.0,58.0,50.0,66.0,73.0,62.0,94.0,71.0,89.0
220,20,qxrpgepgyvdr@school.edu,7081799272,Xhoooish Hmdvjm,58.0,81.0,64.0,64.0,65.0,72.0,91.0,65.0,50.0,74.0,89.0,84.0,94.0,50.0,83.0,78.0,50.0,91.0,70.0,65.0
221,21,sbjbdyzjlhfy@school.edu,3460263208,Zaqeykes Redaffyj,81.0,62.0,61.0,91.0,62.0,96.0,54.0,60.0,81.0,64.0,90.0,65.0,88.0,63.0,87.0,74.0,54.0,65.0,62.0,53.0
222,22,jegarpemvkq@school.edu,2086302729,Cbsfcvjmca Zditg,58.0,77.0,81.0,99.0,87.0,54.0,55.0,65.0,62.0,88.0,55.0,91.0,85.0,74.0,84.0,71.0,97.0,65.0,86.0,61.0
223,23,gsimcitwsdikv@school.edu,9785629593,Czkohjxsd Yryhccdgme,57.0,95.0,80.0,86.0,77.0,82.0,93.0,50.0,70.0,77.0,96.0,86.0,61.0,94.0,97.0,73.0,92.0,86.0,79.0,62.0
224,24,pmtyixgpommw@school.edu,3337423813,Blbmdmyrt Ueuuekr,84.0,60.0,63.0,62.0,73.0,85.0,63.0,92.0,76.0,89.0,69.0,56.0,88.0,75.0,72.0,63.0,82.0,61.0,76.0,82.0
225,25,fnsqqpq@school.edu,2776007265,Qgxbttm Qwaqq,61.0,52.0,86.0,87.0,64.0,97.0,85.0,77.0,90.0,77.0,57.0,85.0,53.0,99.0,82.0,94.0,59.0,86.0,89.0,86.0
226,26,kywktuoit@school.edu,1140109722,Wpxrumnb Jlroljsnm,66.0,67.0,98.0,91.0,82.0,56.0,86.0,94.0,94.0,94.0,95.0,87.0,81.0,96.0,60.0,80.0,71.0,71.0,73.0,97.0
227,27,cfpxszghu@school.edu,9605847435,Jmsifwzqnj Toizmi,92.0,66.0,67.0,85.0,57.0,88.0,83.0,64.0,50.0,55.0,96.0,90.0,77.0,93.0,61.0,70.0,57.0,97.0,53.0,52.0
228,28,cxjtvzvpvhn@school.edu,7517200061,Yuerfnqtm Acipqlunm,87.0,87.0,82.0,90.0,97.0,59.0,56.0,91.0,89.0,86.0,57.0,76.0,88.0,95.0,68.0,98.0,87.0,61.0,82.0,83.0
229,29,grkdhvapexgs@school.edu,8692708171,Kjvdxj Wrgmfpbs,70.0,90.0,90.0,90.0,68.0,59.0,59.0,58.0,62.0,95.0,67.0,55.0,91.0,59.0,99.0,55.0,51.0,73.0,73.0,89.0
230,30,kbzpmogymhoq@school.edu,3932308099,Dmyejl Hxsdfhkrhb,94.0,70.0,81.0,83.0,69.0,91.0,93.0,78.0,87.0,84.0,89.0,61.0,78.0,70.0,68.0,56.0,55.0,78.0,65.0,55.0
231,31,ccatbijfmy@school.edu,4705653589,Mduzs Rhcayoyugb,65.0,70.0,57.0,73.0,83.0,60.0,79.0,93.0,81.0,51.0,66.0,54.0,90.0,57.0,84.0,58.0,69.0,74.0,83.0,95.0
232,32,aiphkijc@school.edu,3105160513,Rxtvins Dtesm,61.0,63.0,70.0,87.0,89.0,85.0,82.0,73.0,92.0,96.0,56.0,78.0,66.0,95.0,62.0,80.0,80.0,70.0,57.0,89.0
233,33,tgiepxpwg@school.edu,1441331476,Gekkqe Rnjzdoa,84.0,79.0,72.0,80.0,63.0,55.0,69.0,66.0,96.0,69.0,80.0,65.0,55.0,99.0,61.0,77.0,71.0,51.0,55.0,89.0
234,34,xyecbmbg@school.edu,9486058581,Wyxailysva Fzfwqynddp,86.0,57.0,62.0,86.0,60.0,59.0,81.0,80.0,68.0,86.0,61.0,68.0,71.0,80.0,99.0,93.0,74.0,84.0,76.0,87.0
235,35,hyavu@school.edu,9615792820,Rdlrte Veigtc,57.0,92.0,90.0,94.0,69.0,91.0,83.0,72.0,88.0,91.0,55.0,65.0,71.0,90.0,100.0,78.0,79.0,62.0,61.0,56.0
236,36,adgzmrwigtups@school.edu,7500997562,Ahhbohvmtu Ojxxn,83.0,54.0,99.0,63.0,57.0,91.0,61.0,78.0,90.0,55.0,87.0,57.0,50.0,53.0,91.0,89.0,84.0,71.0,61.0,57.0
237,37,bnbbzmp@school.edu,7586135659,Uidmazr Ilrcybj,94.0,95.0,68.0,61.0,61.0,52.0,89.0,81.0,70.0,80.0,52.0,81.0,100.0,62.0,96.0,95.0,68.0,77.0,78.0,64.0
238,38,qqzxqocgemv@school.edu,1922185759,Ovbzzk Idfhq,57.0,90.0,69.0,95.0,74.0,95.0,55.0,50.0,82.0,68.0,78.0,70.0,63.0,93.0,55.0,69.0,72.0,50.0,65.0,64.0
239,39,csdbxf@school.edu,1622983839,Cwulm Tarbnj,58.0,77.0,92.0,99.0,88.0,92.0,64.0,97.0,84.0,86.0,78.0,90.0,54.0,76.0,64.0,95.0,91.0,54.0,77.0,93.0
240,40,uumlmoumwmebr@school.edu,5129104612,Ffzkxovenq Azgjlxaavs,56.0,78.0,93.0,53.0,73.0,56.0,81.0,80.0,79.0,52.0,99.0,67.0,90.0,97.0,89.0,77.0,58.0,77.0,73.0,80.0
241,41,qwbgsgaddmaf@school.edu,4092052779,Qlmxbixa Ltxggwdr,82.0,63.0,86.0,67.0,89.0,67.0,98.0,57.0,51.0,92.0,57.0,78.0,82.0,75.0,99.0,89.0,64.0,89.0,67.0,69.0
242,42,ymecrbtud@school.edu,4691590872,Mppgltqe Tgtoneapp,94.0,59.0,68.0,67.0,54.0,64.0,98.0,80.0,94.0,52.0,60.0,90.0,99.0,70.0,73.0,69.0,63.0,79.0,90.0,97.0
243,43,zvkoghs@school.edu,2847661292,Acyxbyq Sipkohucz,65.0,92.0,76.0,68.0,88.0,85.0,82.0,65.0,70.0,61.0,72.0,65.0,100.0,84.0,58.0,68.0,92.0,98.0,99.0,66.0
244,44,ffcqnvmmjdakv@school.edu,1236095766,Nmtjc Luzceb,65.0,70.0,93.0,89.0,69.0,77.0,86.0,100.0,70.0,81.0,87.0,89.0,79.0,50.0,57.0,64.0,94.0,82.0,99.0,60.0
245,45,ndxde@school.edu,1803159941,Foggksio Xawvuvymj,69.0,90.0,70.0,60.0,85.0,93.0,57.0,71.0,100.0,94.0,86.0,72.0,68.0,86.0,74.0,56.0,65.0,57.0,97.0,58.0
246,46,jarechjiqhv@school.edu,2584124840,Nlpdgrzih Sgckz,51.0,84.0,90.0,85.0,63.0,52.0,64.0,54.0,78.0,89.0,63.0,58.0,77.0,62.0,61.0,85.0,54.0,86.0,94.0,80.0
247,47,phwqnbcc@school.edu,4482068504,Ysxdjzawm Rwqrdvbnmp,61.0,65.0,55.0,98.0,65.0,69.0,64.0,54.0,82.0,71.0,60.0,50.0,92.0,73.0,65.0,63.0,78.0,80.0,70.0,68.0
248,48,wlhlg@school.edu,2164213951,Oekjlxxsi Gyffgon,79.0,86.0,85.0,91.0,85.0,59.0,86.0,61.0,69.0,73.0,92.0,84.0,87.0,93.0,100.0,65.0,86.0,86.0,55.0,68.0
249,49,ocayf@school.edu,5163800788,Zqlpbd Hvruba,70.0,59.0,100.0,70.0,92.0,67.0,93.0,98.0,65.0,91.0,99.0,74.0,65.0,73.0,100.0,64.0,82.0,78.0,66.0,69.0
250,50,tfepdpw@school.edu,7563948088,Ctglxtxqm Tgenmndxv,55.0,64.0,58.0,86.0,99.0,91.0,86.0,60.0,63.0,73.0,67.0,94.0,90.0,74.0,52.0,53.0,54.0,50.0,99.0,56.0
251,51,dybqpddihdxjh@school.edu,1058702021,Acbpe Zenwwoyk,52.0,51.0,87.0,58.0,91.0,51.0,84.0,80.0,54.0,89.0,89.0,64.0,98.0,78.0,50.0,94.0,80.0,69.0,72.0,72.0
252,52,johwynwl@school.edu,7001827588,Ojqpiuz Ytizxslx,59.0,85.0,50.0,92.0,52.0,75.0,88.0,84.0,55.0,86.0,95.0,70.0,56.0,91.0,72.0,82.0,95.0,80.0,88.0,64.0
253,53,bltnlbdjmzjr@school.edu,8921733891,Ubyafhn Wbgphx,96.0,62.0,59.0,100.0,62.0,66.0,91.0,95.0,75.0,84.0,88.0,92.0,73.0,54.0,85.0,78.0,69.0,93.0,60.0,72.0
254,54,dentrr@school.edu,9184375449,Qwrazxo Xaswfhpyji,72.0,86.0,58.0,78.0,74.0,84.0,63.0,85.0,100.0,65.0,97.0,86.0,53.0,51.0,72.0,87.0,54.0,96.0,71.0,77.0
255,55,mfsgz@school.edu,4285973397,Ekhhxcb Nmacx,62.0,55.0,60.0,50.0,73.0,96.0,56.0,81.0,100.0,100.0,71.0,73.0,87.0,73.0,52.0,74.0,55.0,50.0,66.0,75.0
256,56,mwtvybsxfitl@school.edu,9236006156,Uwkcbu Qxztplr,58.0,54.0,63.0,83.0,94.0,75.0,69.0,54.0,51.0,60.0,76.0,81.0,86.0,51.0,96.0,68.0,58.0,77.0,86.0,90.0
257,57,rkbfc@school.edu,4247773339,Wtlmwttge Rgtkshl,81.0,56.0,93.0,66.0,96.0,57.0,89.0,86.0,72.0,70.0,71.0,62.0,98.0,69.0,64.0,95.0,98.0,75.0,62.0,50.0
258,58,jwwwwpy@school.edu,7449928772,Yqnbtjc Tzmjk,89.0,91.0,57.0,67.0,62.0,90.0,83.0,94.0,100.0,80.0,64.0,58.0,70.0,78.0,65.0,96.0,78.0,100.0,74.0,83.0
259,59,vxfognuurbssp@school.edu,1271458515,Qomdghsxk Kbbeydfde,70.0,55.0,77.0,51.0,63.0,79.0,75.0,51.0,86.0,56.0,98.0,74.0,54.0,73.0,77.0,55.0,89.0,87.0,83.0,71.0
260,60,indboao@school.edu,6272142821,Rwzpfhmo Nckaah,85.0,64.0,60.0,55.0,64.0,65.0,64.0,67.0,78.0,57.0,73.0,91.0,100.0,85.0,90.0,79.0,80.0,57.0,79.0,79.0
261,61,wtwzr@school.edu,6453147746,Qpolkerui Pwqsoptw,91.0,92.0,97.0,56.0,75.0,63.0,90.0,66.0,63.0,65.0,88.0,63.0,74.0,77.0,67.0,60.0,89.0,56.0,63.0,86.0
262,62,hbvcmx@school.edu,8043458650,Btcoz Pflfc,72.0,78.0,67.0,97.0,54.0,68.0,55.0,75.0,55.0,62.0,64.0,71.0,92.0,85.0,75.0,89.0,78.0,71.0,70.0,56.0
263,63,eojyuwum@school.edu,6080208657,Ymxbueda Ysgrkig,94.0,64.0,82.0,56.0,73.0,83.0,62.0,76.0,80.0,100.0,72.0,94.0,88.0,85.0,78.0,77.0,100.0,92.0,89.0,53.0
264,64,jloyzqevs@school.edu,2758163455,Kjdbdyi Vamjmtucim,50.0,80.0,55.0,93.0,51.0,66.0,85.0,74.0,62.0,87.0,78.0,97.0,75.0,95.0,74.0,78.0,58.0,97.0,98.0,87.0
265,65,mrxjtctfywm@school.edu,1448352587,Lsaiopmpsx Gfxvtycac,57.0,71.0,56.0,52.0,79.0,85.0,80.0,98.0,62.0,72.0,55.0,55.0,72.0,97.0,98.0,65.0,53.0,56.0,92.0,57.0
266,66,hqogeyrlom@school.edu,3065767486,Ttanfbwgef Dqiyiz,83.0,53.0,61.0,90.0,56.0,99.0,90.0,71.0,54.0,90.0,63.0,83.0,55.0,76.0,66.0,93.0,96.0,82.0,50.0,66.0
267,67,psarh@school.edu,3774821269,Rwtzmmlpk Oxtsawe,90.0,64.0,52.0,94.0,51.0,56.0,65.0,97.0,81.0,88.0,88.0,78.0,58.0,76.0,78.0,85.0,75.0,94.0,71.0,94.0
268,68,ghiffvckofj@school.edu,2502939050,Bxueox Astxsokbxx,53.0,85.0,84.0,59.0,58.0,82.0,59.0,89.0,73.0,53.0,65.0,53.0,64.0,72.0,60.0,92.0,77.0,85.0,86.0,99.0
269,69,usgbdsjcoodoc@school.edu,1516243958,Animbuk Dbngegngcp,98.0,97.0,66.0,63.0,70.0,71.0,98.0,64.0,94.0,54.0,74.0,56.0,60.0,74.0,95.0,75.0,64.0,99.0,87.0,69.0
270,70,urtuuzmwnslai@school.edu,8288304373,Irkvecpiqw Efbtdwefl,50.0,66.0,76.0,75.0,79.0,95.0,55.0,80.0,79.0,81.0,65.0,85.0,76.0,83.0,53.0,98.0,91.0,51.0,64.0,52.0
271,71,vdwextewxbero@school.edu,6528622386,Yyhpvezisv Msddhqw,98.0,69.0,58.0,74.0,90.0,98.0,95.0,52.0,69.0,51.0,80.0,67.0,55.0,91.0,65.0,83.0,67.0,84.0,68.0,85.0
272,72,tkkxrhtzds@school.edu,1439079821,Ireneta Bjktvc,98.0,64.0,78.0,80.0,68.0,87.0,65.0,62.0,58.0,90.0,72.0,100.0,87.0,76.0,59.0,64.0,95.0,89.0,59.0,90.0
273,73,dvgkpvutb@school.edu,9036513862,Ywuunlzyp Sbluh,66.0,73.0,78.0,68.0,72.0,91.0,91.0,90.0,69.0,50.0,85.0,83.0,84.0,79.0,85.0,58.0,96.0,58.0,72.0,64.0
274,74,gvhyomredduig@school.edu,1608641390,Nibwodx Vileflanu,81.0,59.0,63.0,98.0,63.0,76.0,86.0,91.0,87.0,54.0,100.0,94.0,93.0,63.0,74.0,53.0,96.0,62.0,58.0,86.0
275,75,orsyywvpv@school.edu,3191595283,Onslh Xqpltcj,96.0,76.0,65.0,61.0,98.0,71.0,69.0,91.0,99.0,97.0,54.0,98.0,82.0,96.0,82.0,63.0,98.0,88.0,97.0,70.0
276,76,ivnfqraieom@school.edu,4045790475,Bopbxs Sldwmgl,85.0,70.0,56.0,82.0,100.0,63.0,68.0,79.0,73.0,92.0,77.0,83.0,87.0,52.0,94.0,62.0,61.0,77.0,57.0,72.0
277,77,kxkiwudzs@school.edu,8621742228,Dexzbydc Qekbn,95.0,76.0,69.0,69.0,90.0,83.0,85.0,81.0,99.0,65.0,91.0,74.0,94.0,73.0,82.0,87.0,74.0,50.0,65.0,76.0
278,78,vqpufmr@school.edu,8208647133,Isgch Drhjofsyr,50.0,66.0,56.0,93.0,60.0,92.0,80.0,50.0,80.0,93.0,73.0,65.0,61.0,52.0,72.0,99.0,61.0,70.0,68.0,67.0
279,79,ljorvbuuf@school.edu,4618405034,Oovaazr Kfsnxtglb,53.0,94.0,56.0,54.0,59.0,85.0,99.0,91.0,87.0,79.0,80.0,99.0,97.0,100.0,91.0,83.0,73.0,51.0,81.0,91.0
280,80,xxtfkbksiea@school.edu,6050610870,Ezzmtggcnc Rjzmlb,58.0,74.0,70.0,81.0,87.0,54.0,75.0,63.0,94.0,64.0,71.0,93.0,64.0,90.0,76.0,90.0,75.0,89.0,64.0,60.0
281,81,hiwveswdcs@school.edu,3508480642,Mcygpvqihc Nlosrvovuu,90.0,56.0,82.0,94.0,70.0,83.0,55.0,88.0,52.0,88.0,73.0,91.0,69.0,89.0,83.0,93.0,64.0,58.0,95.0,72.0
282,82,teiqv@school.edu,4721917700,Gzgmpzuwr Lutpo,91.0,67.0,52.0,75.0,62.0,59.0,75.0,64.0,52.0,52.0,51.0,51.0,88.0,75.0,62.0,82.0,73.0,99.0,73.0,97.0
283,83,fifphuwgqd@school.edu,4080635665,Hvjybcgxcj Ivzmx,99.0,55.0,50.0,63.0,84.0,88.0,93.0,100.0,98.0,53.0,67.0,77.0,54.0,79.0,80.0,58.0,93.0,68.0,63.0,84.0
284,84,pdhnrgy@school.edu,3775234680,Fjpcjwuvcq Wehlt,50.0,58.0,92.0,54.0,95.0,100.0,67.0,58.0,57.0,80.0,98.0,91.0,83.0,90.0,52.0,79.0,84.0,96.0,80.0,67.0
285,85,zfclmapswpwgj@school.edu,2206188491,Hncbh Tmeruiodpl,81.0,88.0,66.0,82.0,92.0,77.0,94.0,84.0,76.0,59.0,67.0,96.0,86.0,62.0,84.0,97.0,100.0,63.0,59.0,58.0
286,86,ybxrstowdzh@school.edu,5854699202,Eeonkvxlij Kynuvhsugq,75.0,79.0,70.0,76.0,83.0,89.0,89.0,78.0,92.0,51.0,66.0,93.0,99.0,98.0,52.0,83.0,59.0,78.0,85.0,87.0
287,87,urvojmscf@school.edu,4710013365,Ysyprwwd Othjuiswij,79.0,53.0,64.0,56.0,100.0,51.0,71.0,90.0,81.0,58.0,55.0,68.0,65.0,84.0,64.0,59.0,77.0,68.0,73.0,92.0
288,88,fbroduisx@school.edu,3415155056,Vxsxe Covpnl,51.0,76.0,77.0,75.0,79.0,74.0,62.0,90.0,82.0,58.0,61.0,69.0,59.0,80.0,72.0,70.0,80.0,63.0,53.0,71.0
289,89,yyrqru@school.edu,7603548282,Tlypdbspzd Zsbkecvb,76.0,57.0,80.0,62.0,67.0,80.0,95.0,88.0,83.0,55.0,59.0,56.0,75.0,53.0,91.0,59.0,64.0,99.0,68.0,61.0
290,90,kcfjidcleax@school.edu,3711729540,Umrcawxck Xoeuc,52.0,100.0,77.0,87.0,57.0,75.0,67.0,70.0,65.0,91.0,77.0,59.0,81.0,68.0,86.0,65.0,93.0,86.0,62.0,100.0
291,91,cznmkylyjp@school.edu,3302505259,Ocwyluak Emikpoadfu,75.0,99.0,74.0,81.0,92.0,91.0,77.0,51.0,94.0,76.0,95.0,63.0,84.0,91.0,92.0,84.0,94.0,83.0,74.0,100.0
292,92,zdlutvfs@school.edu,8033419451,Uqymrau Rupoa,100.0,56.0,54.0,70.0,58.0,51.0,55.0,63.0,86.0,52.0,75.0,70.0,53.0,71.0,75.0,76.0,66.0,82.0,50.0,82.0
293,93,qoiogv@school.edu,8711804748,Fsurhydmk Nwldx,62.0,72.0,50.0,79.0,55.0,65.0,97.0,80.0,60.0,60.0,55.0,85.0,74.0,69.0,55.0,98.0,98.0,94.0,70.0,86.0
294,94,bgrdswotlkhq@school.edu,5201854753,Tvktrwrpb Geksp,64.0,63.0,61.0,98.0,81.0,70.0,65.0,57.0,79.0,89.0,89.0,69.0,81.0,97.0,50.0,79.0,92.0,67.0,93.0,59.0
295,95,ykyllwwwhrs@school.edu,1542839275,Etjus Rysmzbvcnw,89.0,93.0,67.0,77.0,50.0,75.0,66.0,69.0,93.0,77.0,80.0,81.0,59.0,64.0,100.0,85.0,52.0,56.0,91.0,61.0
296,96,qelarwco@school.edu,6128275489,Bgdugqdv Fbnodgxld,85.0,96.0,64.0,58.0,88.0,87.0,51.0,56.0,81.0,68.0,64.0,95.0,64.0,88.0,63.0,64.0,58.0,72.0,85.0,98.0
297,97,vysulneamuuh@school.edu,2477152185,Asgfh Ybmjjjq,56.0,63.0,64.0,96.0,80.0,94.0,85.0,95.0,55.0,95.0,97.0,75.0,55.0,63.0,85.0,66.0,64.0,69.0,65.0,51.0
298,98,cdgzkgjzjdh@school.edu,2742055448,Kypsb Rinqj,61.0,97.0,92.0,72.0,54.0,74.0,55.0,71.0,94.0,60.0,95.0,57.0,88.0,71.0,93.0,70.0,68.0,77.0,87.0,73.0
299,99,kdrswtdea@school.edu,4860551830,Svwtftsxpl Pltdiaby,97.0,96.0,56.0,75.0,57.0,89.0,53.0,60.0,95.0,70.0,50.0,63.0,77.0,90.0,71.0,93.0,51.0,51.0,59.0,82.0
300,100,qsudpaaf@school.edu,8927184021,Urtayj Rrtbdyyan,98.0,55.0,63.0,86.0,94.0,75.0,76.0,58.0,73.0,72.0,84.0,64.0,53.0,65.0,76.0,91.0,65.0,57.0,86.0,86.0
301,101,bscwdhbqz@school.edu,5967321633,Yvnozm Dcbruzkky,86.0,81.0,69.0,90.0,88.0,89.0,92.0,97.0,82.0,76.0,66.0,82.0,62.0,75.0,97.0,64.0,63.0,52.0,76.0,70.0
302,102,stcndeclb@school.edu,8973808019,Pvoxrhct Ocrnp,83.0,60.0,80.0,93.0,70.0,70.0,98.0,88.0,97.0,74.0,93.0,59.0,99.0,64.0,90.0,78.0,64.0,75.0,89.0,73.0
303,103,ydrrjmlebc@school.edu,6452763172,Zykbqrnrc Yjmwjhqsj,65.0,59.0,69.0,92.0,56.0,68.0,65.0,73.0,63.0,62.0,62.0,90.0,72.0,50.0,50.0,72.0,54.0,57.0,63.0,99.0
304,104,xildnkmdtouhh@school.edu,9191014162,Dvxks Kgubixzqtl,92.0,81.0,89.0,56.0,83.0,81.0,65.0,84.0,65.0,84.0,59.0,95.0,83.0,67.0,85.0,69.0,62.0,52.0,60.0,86.0
305,105,qxvaax@school.edu,8770463567,Juklen Tbhyycxj,86.0,92.0,93.0,85.0,62.0,86.0,73.0,81.0,75.0,84.0,68.0,70.0,69.0,93.0,86.0,63.0,65.0,99.0,86.0,81.0
306,106,wrtvofomtd@school.edu,2797880739,Qhbhyqortp Ijhhaac,74.0,93.0,91.0,70.0,94.0,88.0,73.0,98.0,96.0,88.0,97.0,96.0,66.0,57.0,95.0,52.0,99.0,78.0,54.0,50.0
307,107,ijqgctzps@school.edu,7660636742,Amupf Iuzdd,58.0,66.0,97.0,96.0,88.0,99.0,97.0,82.0,58.0,100.0,68.0,61.0,81.0,62.0,90.0,55.0,90.0,63.0,88.0,82.0
308,108,zzzjhwtx@school.edu,3727031896,Oaelmh Mspfsrrb,70.0,96.0,81.0,79.0,94.0,61.0,85.0,67.0,65.0,75.0,80.0,98.0,95.0,92.0,62.0,89.0,65.0,56.0,78.0,52.0
309,109,rgceocyv@school.edu,5460244389,Srxbukdbvn Qxqblxkarh,85.0,56.0,97.0,95.0,54.0,67.0,57.0,59.0,74.0,91.0,68.0,72.0,54.0,65.0,78.0,62.0,53.0,73.0,76.0,87.0
310,110,ysviwokyklxyx@school.edu,2571691519,Tywgv Wnsdhx,94.0,78.0,69.0,64.0,86.0,87.0,63.0,50.0,88.0,86.0,87.0,84.0,76.0,91.0,60.0,89.0,86.0,77.0,94.0,89.0
311,111,acnbj@school.edu,2436838587,Tgznjkwgpg Xroidgncfb,91.0,79.0,65.0,52.0,56.0,60.0,94.0,53.0,97.0,96.0,91.0,65.0,94.0,96.0,96.0,52.0,51.0,81.0,88.0,99.0
312,112,cptgnlevckl@school.edu,4111039856,Xgdnlejox Tdiund,55.0,89.0,75.0,78.0,62.0,74.0,67.0,55.0,88.0,74.0,81.0,70.0,72.0,53.0,60.0,86.0,54.0,78.0,74.0,80.0
313,113,vwfkfu@school.edu,9057590146,Fdmlzk Mgziyybvt,70.0,95.0,73.0,78.0,70.0,67.0,91.0,56.0,89.0,67.0,82.0,85.0,98.0,80.0,87.0,65.0,89.0,70.0,79.0,95.0
314,114,qgvlmdsjhr@school.edu,8523297616,Igowy Maxbz,71.0,89.0,98.0,78.0,87.0,62.0,53.0,88.0,100.0,95.0,73.0,97.0,93.0,87.0,77.0,79.0,65.0,83.0,81.0,87.0
315,115,novtbhnoedern@school.edu,8654191837,Jdtlfbngcn Txvbfrlksj,83.0,95.0,73.0,76.0,64.0,67.0,85.0,71.0,94.0,99.0,84.0,54.0,61.0,54.0,57.0,65.0,53.0,84.0,85.0,55.0
316,116,xyvql@school.edu,6286143687,Tcatrpeto Baulczx,83.0,91.0,99.0,72.0,66.0,91.0,88.0,63.0,72.0,58.0,98.0,89.0,80.0,51.0,51.0,70.0,71.0,86.0,87.0,100.0
317,117,gbiftuk@school.edu,7613727697,Olzry Bipsk,91.0,51.0,90.0,99.0,78.0,94.0,69.0,95.0,93.0,93.0,64.0,68.0,98.0,54.0,52.0,59.0,94.0,64.0,66.0,54.0
318,118,igqfqhahamlv@school.edu,5206343196,Adcazgevn Blgwiyzsvw,53.0,65.0,69.0,69.0,90.0,53.0,57.0,100.0,53.0,58.0,97.0,59.0,72.0,76.0,91.0,57.0,98.0,55.0,89.0,57.0
319,119,wtkjqurz@school.edu,1797897696,Evedsljiws Nfoyptpjon,69.0,63.0,73.0,80.0,76.0,90.0,74.0,65.0,93.0,58.0,81.0,56.0,55.0,69.0,83.0,87.0,91.0,90.0,91.0,86.0
320,120,scxhkovq@school.edu,7698867947,Ihggcv Dmnxtv,94.0,97.0,59.0,95.0,97.0,50.0,50.0,85.0,56.0,55.0,80.0,98.0,71.0,64.0,53.0,52.0,94.0,54.0,82.0,85.0
321,121,gwztcup@school.edu,8973193688,Yyrjybekp Zepvfh,91.0,100.0,88.0,61.0,72.0,100.0,75.0,85.0,76.0,87.0,72.0,67.0,66.0,52.0,63.0,67.0,71.0,87.0,80.0,55.0
322,122,dmint@school.edu,7843642297,Uhtns Dtyegxiu,53.0,69.0,78.0,73.0,53.0,52.0,94.0,76.0,71.0,99.0,94.0,60.0,97.0,78.0,83.0,86.0,78.0,84.0,60.0,83.0
323,123,usrvdh@school.edu,8469338891,Hdlfbyiwn Qoydr,91.0,59.0,97.0,55.0,64.0,87.0,83.0,57.0,59.0,95.0,87.0,68.0,93.0,67.0,68.0,67.0,77.0,59.0,77.0,56.0
324,124,okaum@school.edu,8126629819,Eaoiscb Djccl,55.0,97.0,67.0,75.0,88.0,99.0,98.0,58.0,100.0,99.0,54.0,74.0,97.0,59.0,51.0,56.0,97.0,92.0,66.0,100.0
325,125,xboqizopezj@school.edu,2952422339,Lbjql Ejliu,83.0,74.0,98.0,56.0,52.0,91.0,79.0,91.0,52.0,70.0,56.0,88.0,63.0,97.0,79.0,54.0,87.0,93.0,53.0,73.0
326,126,oouwu@school.edu,9947151379,Arlqxpf Tlwqtt,70.0,75.0,81.0,92.0,95.0,100.0,62.0,50.0,72.0,89.0,72.0,94.0,84.0,90.0,77.0,63.0,70.0,72.0,76.0,67.0
327,127,qwxjvttbcqnww@school.edu,4842251406,Frtfbf Utoamjsaaw,85.0,76.0,92.0,82.0,53.0,84.0,66.0,61.0,76.0,81.0,91.0,58.0,86.0,59.0,91.0,91.0,65.0,54.0,62.0,77.0
328,128,napcgsjxp@school.edu,4123734029,Ozvorn Uyfzbah,68.0,97.0,69.0,75.0,61.0,54.0,65.0,65.0,96.0,71.0,97.0,69.0,71.0,79.0,74.0,81.0,84.0,73.0,53.0,54.0
329,129,mttuspxwxj@school.edu,4507339229,Mlgcvnl Hhtwykzees,53.0,67.0,97.0,71.0,96.0,89.0,76.0,89.0,92.0,68.0,74.0,58.0,97.0,51.0,77.0,81.0,90.0,62.0,50.0,77.0
330,130,uiikagteksj@school.edu,4360696805,Icujseywve Fpncbdrw,72.0,61.0,62.0,74.0,73.0,95.0,93.0,72.0,52.0,72.0,70.0,71.0,80.0,56.0,81.0,73.0,75.0,54.0,54.0,87.0
331,131,neacayeeku@school.edu,1619150239,Tlaqv Liimorkaw,69.0,78.0,82.0,85.0,78.0,85.0,67.0,60.0,63.0,76.0,84.0,72.0,73.0,84.0,83.0,87.0,62.0,82.0,68.0,65.0
332,132,xdjhzam@school.edu,1980590144,Jrcrg Srxbezkhch,71.0,68.0,83.0,55.0,89.0,88.0,100.0,74.0,98.0,99.0,87.0,82.0,97.0,68.0,73.0,66.0,76.0,76.0,76.0,67.0
333,133,pgrwugzatjys@school.edu,7096180190,Tbcxlbg Axaqtw,77.0,52.0,93.0,95.0,75.0,57.0,59.0,98.0,51.0,93.0,62.0,82.0,74.0,65.0,85.0,56.0,52.0,66.0,88.0,59.0
334,134,agvnbdg@school.edu,7292031738,Gdggm Anuqstnwp,83.0,82.0,51.0,67.0,81.0,61.0,84.0,97.0,59.0,59.0,83.0,74.0,68.0,62.0,90.0,98.0,83.0,62.0,64.0,61.0
335,135,esfaviohns@school.edu,1610555534,Bimsaf Hfevftykp,61.0,93.0,93.0,57.0,89.0,60.0,51.0,94.0,84.0,94.0,55.0,62.0,60.0,63.0,92.0,90.0,53.0,81.0,66.0,61.0
336,136,kgjptkgzwf@school.edu,6428660926,Wzecagareb Fkbpqazel,92.0,94.0,60.0,91.0,96.0,59.0,52.0,77.0,56.0,50.0,71.0,99.0,51.0,82.0,66.0,58.0,72.0,73.0,91.0,66.0
337,137,xziacwygahk@school.edu,9652475528,Rsefd Ogmbabhwge,64.0,79.0,99.0,78.0,88.0,86.0,82.0,91.0,98.0,98.0,66.0,83.0,54.0,55.0,98.0,71.0,86.0,92.0,55.0,93.0
338,138,bjtqidhoijrc@school.edu,3103184056,Qqrirhhae Ufenrcrxhv,98.0,82.0,75.0,99.0,84.0,98.0,54.0,54.0,52.0,90.0,77.0,68.0,88.0,67.0,100.0,82.0,62.0,57.0,58.0,68.0
339,139,cscmhpwudj@school.edu,9041620631,Aeokhmgkd Qplfpstwp,94.0,58.0,74.0,84.0,80.0,92.0,79.0,94.0,57.0,55.0,50.0,99.0,92.0,53.0,50.0,74.0,53.0,86.0,78.0,74.0
340,140,nkgwxjy@school.edu,9925627242,Eazccmjw Kkybzmo,63.0,67.0,99.0,71.0,68.0,84.0,54.0,79.0,69.0,79.0,80.0,100.0,83.0,51.0,77.0,99.0,85.0,56.0,95.0,56.0
341,141,yktqzpzawj@school.edu,8684630040,Vzejqkkthc Pdkqwpn,70.0,72.0,70.0,57.0,93.0,99.0,94.0,97.0,60.0,57.0,62.0,88.0,63.0,81.0,83.0,78.0,90.0,50.0,88.0,99.0
342,142,nozqtfk@school.edu,8298571279,Eyrxolb Vxmuqsuzgf,97.0,51.0,89.0,74.0,73.0,86.0,67.0,52.0,95.0,58.0,82.0,61.0,59.0,73.0,93.0,68.0,52.0,53.0,81.0,69.0
343,143,bakrogjj@school.edu,6477498354,Fdvyhdmopt Ynmpaa,70.0,84.0,53.0,83.0,97.0,98.0,69.0,56.0,81.0,99.0,50.0,63.0,52.0,70.0,90.0,100.0,91.0,100.0,90.0,98.0
344,144,tbautsokmgd@school.edu,8291014110,Uvwzxpk Botsh,56.0,94.0,96.0,91.0,81.0,79.0,71.0,93.0,73.0,83.0,87.0,85.0,77.0,74.0,96.0,66.0,56.0,64.0,83.0,59.0
345,145,zaxfwzdqde@school.edu,8072317686,Jibddou Exlgv,85.0,50.0,67.0,52.0,97.0,58.0,78.0,60.0,86.0,89.0,59.0,83.0,63.0,58.0,69.0,61.0,95.0,51.0,83.0,71.0
346,146,ngjvetovdg@school.edu,1345984804,Iotab Cwbywmpt,91.0,50.0,64.0,77.0,57.0,82.0,56.0,67.0,97.0,93.0,59.0,99.0,61.0,63.0,57.0,60.0,99.0,70.0,100.0,94.0
347,147,sbiuvtbk@school.edu,2727001983,Qgtsyvrjt Eizucxit,53.0,63.0,75.0,73.0,83.0,69.0,62.0,52.0,91.0,91.0,90.0,61.0,61.0,73.0,74.0,87.0,99.0,95.0,85.0,91.0
348,148,tfywcxitwwr@school.edu,6167256568,Cqlaomo Qjahbwcrm,94.0,50.0,99.0,74.0,71.0,82.0,68.0,89.0,89.0,99.0,75.0,60.0,93.0,51.0,56.0,77.0,92.0,100.0,59.0,81.0
349,149,yydhyzacm@school.edu,8530881417,Gobeukx Jwmswzkj,98.0,53.0,69.0,80.0,100.0,79.0,62.0,94.0,58.0,97.0,73.0,68.0,50.0,93.0,73.0,72.0,57.0,88.0,51.0,88.0
350,150,wkqggm@school.edu,2314742036,Aviwhmcyc Gkbhpqwwv,84.0,52.0,60.0,96.0,70.0,53.0,53.0,74.0,55.0,62.0,93.0,97.0,64.0,79.0,78.0,93.0,66.0,93.0,60.0,95.0
351,151,bwjrwql@school.edu,7642732110,Boxgtult Tfasd,72.0,58.0,52.0,76.0,72.0,54.0,65.0,50.0,97.0,86.0,75.0,70.0,89.0,95.0,82.0,52.0,86.0,56.0,50.0,80.0
352,152,ycyfsrcwc@school.edu,1261079199,Lmspo Ivbvf,71.0,93.0,67.0,66.0,77.0,78.0,66.0,95.0,86.0,82.0,99.0,60.0,63.0,63.0,98.0,91.0,93.0,51.0,52.0,84.0
353,153,sxhtp@school.edu,7197083614,Uhamammq Aicdzit,94.0,58.0,63.0,51.0,54.0,79.0,96.0,70.0,68.0,50.0,51.0,63.0,64.0,83.0,76.0,69.0,70.0,96.0,78.0,61.0
354,154,niqqwamwwzjap@school.edu,6967969752,Iyouewv Wrpjamco,54.0,97.0,59.0,100.0,59.0,93.0,72.0,74.0,86.0,79.0,96.0,100.0,75.0,77.0,76.0,62.0,97.0,53.0,61.0,60.0
355,155,pcwapcnd@school.edu,9036310786,Lrxjfncb Pnlkjmj,82.0,56.0,76.0,50.0,82.0,56.0,95.0,61.0,50.0,63.0,52.0,84.0,56.0,62.0,53.0,63.0,100.0,69.0,90.0,51.0
356,156,nhjzv@school.edu,1262799918,Nzdphbvtw Mqdruioj,73.0,82.0,53.0,73.0,54.0,71.0,70.0,80.0,97.0,51.0,83.0,85.0,96.0,85.0,85.0,81.0,99.0,56.0,61.0,64.0
357,157,tidmambixm@school.edu,6308113935,Ldhzjplnp Wmppjndrt,75.0,79.0,94.0,90.0,61.0,97.0,81.0,97.0,61.0,94.0,87.0,93.0,73.0,84.0,51.0,50.0,65.0,89.0,59.0,57.0
358,158,fpautf@school.edu,2290532281,Sneagxnbv Kheykddf,88.0,64.0,69.0,89.0,70.0,57.0,86.0,62.0,68.0,92.0,96.0,97.0,66.0,54.0,81.0,93.0,97.0,97.0,90.0,75.0
359,159,iryctz@school.edu,9350069648,Gtzrr Sybnel,69.0,68.0,79.0,92.0,51.0,88.0,54.0,98.0,66.0,87.0,70.0,63.0,70.0,88.0,98.0,63.0,61.0,80.0,77.0,77.0
360,160,dneqel@school.edu,2849184486,Gtxitfmh Wafsfmmlj,83.0,86.0,57.0,61.0,86.0,59.0,83.0,58.0,91.0,79.0,72.0,66.0,50.0,74.0,73.0,68.0,53.0,56.0,96.0,52.0
361,161,pwfhmvzz@school.edu,7526208751,Nbqadtn Ctxnewxnmg,97.0,61.0,83.0,73.0,68.0,94.0,81.0,51.0,55.0,76.0,75.0,99.0,92.0,93.0,72.0,50.0,73.0,63.0,86.0,65.0
362,162,zggliizmdg@school.edu,6288346519,Hcymvfuxw Vzurtqo,72.0,79.0,90.0,54.0,79.0,75.0,78.0,64.0,67.0,87.0,94.0,67.0,83.0,94.0,80.0,68.0,73.0,76.0,77.0,66.0
363,163,vemtvol@school.edu,2496433708,Mziiiplcw Nlmicywbwc,67.0,77.0,62.0,90.0,60.0,93.0,83.0,52.0,83.0,69.0,63.0,76.0,78.0,83.0,78.0,54.0,50.0,83.0,72.0,54.0
364,164,ftfnpg@school.edu,4154181574,Dfyfwsfi Sauthzupdw,50.0,87.0,85.0,71.0,93.0,78.0,72.0,51.0,93.0,89.0,95.0,69.0,100.0,59.0,95.0,58.0,83.0,54.0,60.0,70.0
365,165,peqixhzpm@school.edu,8052368445,Chdlgim Nwjrxb,80.0,97.0,61.0,77.0,71.0,57.0,85.0,87.0,67.0,95.0,59.0,81.0,77.0,57.0,85.0,81.0,64.0,89.0,65.0,70.0
366,166,guyedfwmkvxho@school.edu,9427203822,Tdrvtmax Hbcjhp,73.0,90.0,99.0,50.0,55.0,72.0,92.0,60.0,71.0,66.0,86.0,85.0,51.0,86.0,82.0,57.0,79.0,87.0,63.0,93.0
367,167,pmpuwywyy@school.edu,2513511095,Swnlau Kgybmkpyvx,53.0,50.0,100.0,79.0,58.0,80.0,89.0,82.0,84.0,66.0,96.0,71.0,87.0,54.0,82.0,98.0,90.0,77.0,100.0,54.0
368,168,fivvzsyubifu@school.edu,5549381608,Hjdpain Rnjdkdd,78.0,86.0,69.0,50.0,55.0,95.0,98.0,94.0,60.0,63.0,95.0,68.0,59.0,85.0,94.0,94.0,71.0,52.0,71.0,52.0
369,169,jpjdiaapi@school.edu,9662423547,Ivktusih Mdwrx,70.0,97.0,70.0,88.0,76.0,80.0,60.0,97.0,61.0,64.0,51.0,51.0,97.0,88.0,79.0,76.0,73.0,94.0,83.0,58.0
370,170,dzlmlhfqi@school.edu,3680535627,Czxplku Rlfgmgs,67.0,65.0,61.0,78.0,99.0,80.0,58.0,53.0,59.0,71.0,75.0,59.0,96.0,72.0,88.0,95.0,75.0,63.0,62.0,51.0
371,171,gysfxvvlvroa@school.edu,2965702667,Zavpbvzz Qirppqgvn,86.0,60.0,88.0,73.0,90.0,79.0,71.0,76.0,92.0,62.0,69.0,95.0,61.0,87.0,77.0,99.0,76.0,53.0,57.0,60.0
372,172,sxxsiwmhv@school.edu,8289747096,Cqugzlxuov Qfvwv,88.0,59.0,51.0,99.0,64.0,67.0,71.0,61.0,58.0,58.0,52.0,100.0,67.0,80.0,73.0,58.0,84.0,55.0,64.0,58.0
373,173,cmdkvfcvo@school.edu,3659627462,Gdhmly Jihnkdme,84.0,81.0,67.0,75.0,54.0,70.0,55.0,64.0,86.0,60.0,69.0,57.0,75.0,50.0,70.0,98.0,75.0,89.0,65.0,82.0
374,174,xunhqirmmyq@school.edu,6625985475,Tsarfkslrl Pnyfb,85.0,65.0,91.0,96.0,53.0,72.0,63.0,60.0,61.0,60.0,85.0,74.0,66.0,62.0,63.0,71.0,91.0,60.0,75.0,54.0
375,175,wewxfgo@school.edu,3246463460,Rmdow Rpuvyxgvts,52.0,67.0,91.0,64.0,82.0,83.0,98.0,89.0,90.0,69.0,50.0,70.0,52.0,77.0,82.0,74.0,65.0,52.0,50.0,61.0
376,176,aiqmdx@school.edu,5642215037,Vsbhvjxq Dcdlxsxvse,66.0,59.0,76.0,50.0,98.0,88.0,78.0,98.0,63.0,54.0,55.0,70.0,100.0,78.0,57.0,96.0,84.0,90.0,52.0,97.0
377,177,quxzatdp@school.edu,6462855281,Wtptmh Saojakekfm,77.0,63.0,85.0,93.0,77.0,54.0,65.0,70.0,66.0,81.0,89.0,64.0,82.0,61.0,51.0,99.0,89.0,72.0,65.0,55.0
378,178,gahgx@school.edu,3459236157,Vovwieiyfs Hqphd,52.0,67.0,74.0,76.0,56.0,80.0,72.0,78.0,95.0,95.0,88.0,54.0,93.0,72.0,72.0,85.0,84.0,52.0,76.0,89.0
379,179,ligwzg@school.edu,9633421738,Arhlegcgo Ckbllpxmrx,94.0,58.0,76.0,81.0,66.0,92.0,63.0,90.0,98.0,94.0,50.0,62.0,55.0,84.0,61.0,83.0,99.0,72.0,56.0,86.0
380,180,jbwlwlms@school.edu,5103672493,Hutvnygj Slqumciem,79.0,84.0,99.0,99.0,68.0,98.0,74.0,68.0,61.0,75.0,52.0,85.0,84.0,89.0,89.0,60.0,97.0,57.0,74.0,91.0
381,181,whdce@school.edu,7231130462,Wrqoedwczx Smwmfh,90.0,91.0,98.0,69.0,94.0,71.0,64.0,82.0,77.0,92.0,56.0,72.0,96.0,66.0,98.0,80.0,80.0,88.0,91.0,58.0
382,182,uhisjsmicbnk@school.edu,2907821812,Mdqdyb Xxyismueu,58.0,68.0,61.0,50.0,58.0,100.0,66.0,69.0,86.0,69.0,98.0,69.0,50.0,56.0,69.0,83.0,75.0,54.0,88.0,50.0
383,183,qguexlvyaap@school.edu,5463769530,Ctvlxpfmas Synjdqbbk,84.0,95.0,93.0,62.0,82.0,69.0,53.0,100.0,90.0,52.0,92.0,81.0,55.0,60.0,65.0,52.0,84.0,95.0,63.0,98.0
384,184,zhyjr@school.edu,7770711597,Jqtvvli Uvqartw,65.0,74.0,73.0,96.0,50.0,63.0,63.0,71.0,57.0,86.0,77.0,81.0,76.0,75.0,82.0,84.0,65.0,66.0,96.0,85.0
385,185,cszbippmuiw@school.edu,5158746706,Ldwadijcwt Erxeeflmiw,95.0,90.0,93.0,83.0,91.0,99.0,61.0,99.0,95.0,60.0,58.0,63.0,65.0,95.0,85.0,90.0,81.0,65.0,67.0,75.0
386,186,ptgllbrkz@school.edu,9686399639,Satudgymib Dxrgfahfy,64.0,70.0,76.0,93.0,99.0,73.0,74.0,91.0,55.0,51.0,80.0,84.0,77.0,83.0,57.0,91.0,86.0,81.0,64.0,72.0
387,187,copwcgxkfqu@school.edu,5437923819,Tpyqs Blbwvlhz,98.0,89.0,71.0,94.0,99.0,53.0,83.0,57.0,81.0,55.0,81.0,96.0,85.0,97.0,73.0,80.0,66.0,80.0,69.0,64.0
388,188,yzhfadlmwa@school.edu,1996298832,Dzndjd Icogyg,54.0,76.0,87.0,55.0,71.0,69.0,90.0,80.0,100.0,78.0,86.0,68.0,62.0,94.0,71.0,94.0,76.0,75.0,100.0,59.0
389,189,nxffb@school.edu,2629931544,Sftepzoqnw Tkbdbfwab,68.0,80.0,52.0,80.0,53.0,97.0,67.0,50.0,69.0,63.0,86.0,80.0,100.0,83.0,61.0,67.0,73.0,96.0,59.0,53.0
390,190,jykgrln@school.edu,6106689866,Ftstjkz Usgznn,96.0,69.0,79.0,98.0,50.0,98.0,94.0,51.0,62.0,85.0,69.0,96.0,96.0,52.0,56.0,69.0,71.0,81.0,56.0,96.0
391,191,levjvhnfw@school.edu,8927668309,Hxdhtewd Jbpvblxsks,65.0,99.0,90.0,73.0,60.0,89.0,80.0,98.0,80.0,60.0,61.0,90.0,65.0,82.0,54.0,96.0,66.0,81.0,82.0,84.0
392,192,exnnwissrn@school.edu,2133736828,Dipklkd Ouhgd,93.0,77.0,86.0,79.0,71.0,90.0,80.0,85.0,63.0,89.0,55.0,92.0,57.0,51.0,85.0,86.0,73.0,99.0,82.0,50.0
393,193,hqzsfweg@school.edu,6062527906,Lyilqwdky Nbfjs,61.0,67.0,50.0,89.0,85.0,97.0,74.0,99.0,97.0,53.0,80.0,88.0,83.0,56.0,56.0,87.0,84.0,70.0,65.0,63.0
394,194,dmbuab@school.edu,9467984594,Zojrojjfmw Ugunvalewb,90.0,94.0,62.0,51.0,82.0,66.0,82.0,57.0,96.0,91.0,93.0,80.0,98.0,81.0,74.0,56.0,66.0,67.0,92.0,74.0
395,195,uezphgpgbslxj@school.edu,3469212953,Tihfmikjgy Wusfv,57.0,69.0,80.0,69.0,95.0,51.0,66.0,83.0,75.0,97.0,57.0,50.0,78.0,77.0,76.0,55.0,66.0,54.0,50.0,84.0
396,196,nzzxkulhfjm@school.edu,7532416168,Bnapferh Omwjkcloi,50.0,93.0,91.0,71.0,52.0,66.0,66.0,100.0,82.0,78.0,57.0,100.0,57.0,51.0,94.0,93.0,51.0,58.0,80.0,70.0
397,197,gcysbuf@school.edu,4185236206,Devthkfbg Ogbqt,84.0,67.0,67.0,63.0,59.0,89.0,69.0,79.0,72.0,52.0,81.0,50.0,62.0,84.0,78.0,91.0,87.0,56.0,56.0,67.0
398,198,hqhvmny@school.edu,6692204593,Tlcrhv Xhiocfmeem,85.0,69.0,68.0,88.0,100.0,79.0,90.0,67.0,92.0,93.0,100.0,90.0,86.0,93.0,67.0,75.0,95.0,73.0,73.0,86.0
399,199,eifeqa@school.edu,9642376948,Wnztfiov Mgcpzebpbx,58.0,61.0,66.0,51.0,87.0,56.0,54.0,98.0,60.0,54.0,63.0,50.0,79.0,58.0,83.0,98.0,79.0,52.0,75.0,72.0
400,0,baxkutzwn@school.edu,1574251982,Hpdwj Qiaiu,90.0,88.0,93.0,59.0,72.0,58.0,98.0,74.0,61.0,82.0,71.0,85.0,59.0,83.0,82.0,59.0,89.0,57.0,54.0,61.0
401,1,eegiyuvl@school.edu,6580107929,Ebtwvguki Tcgbfzugcv,89.0,54.0,63.0,77.0,61.0,87.0,62.0,72.0,79.0,82.0,71.0,63.0,75.0,65.0,87.0,51.0,60.0,59.0,85.0,72.0
402,2,siiufbutg@school.edu,9914367809,Rudqvzyaog Ntuiyypel,78.0,89.0,59.0,87.0,59.0,72.0,79.0,83.0,65.0,81.0,90.0,90.0,51.0,91.0,88.0,79.0,87.0,82.0,85.0,74.0
403,3,zeroqicmmab@school.edu,4901317138,Aizdfcfm Zalff,80.0,100.0,74.0,78.0,81.0,68.0,57.0,62.0,73.0,97.0,95.0,52.0,77.0,66.0,57.0,98.0,58.0,86.0,90.0,53.0
404,4,zflpjlcug@school.edu,3704606147,Xuddwwaz Sjqaenmvc,58.0,55.0,54.0,63.0,73.0,64.0,50.0,89.0,70.0,70.0,59.0,64.0,58.0,67.0,89.0,98.0,72.0,89.0,87.0,70.0
405,5,tkwgo@school.edu,2348609533,Oxdnygnvk Jpbtrh,79.0,84.0,82.0,89.0,84.0,93.0,62.0,90.0,95.0,99.0,78.0,63.0,67.0,62.0,55.0,60.0,53.0,100.0,96.0,79.0
406,6,qwxvb@school.edu,5648583440,Pprtgmhnz Qpflpwfitu,69.0,93.0,56.0,75.0,89.0,51.0,60.0,84.0,98.0,83.0,75.0,97.0,83.0,97.0,80.0,92.0,95.0,96.0,61.0,66.0
407,7,xtytfz@school.edu,7117216464,Osudugqq Eoexciee,96.0,84.0,90.0,60.0,97.0,57.0,89.0,51.0,88.0,89.0,92.0,54.0,58.0,53.0,71.0,53.0,94.0,84.0,98.0,51.0
408,8,ffmhvvhw@school.edu,4383983656,Khckv Anhdkkye,76.0,99.0,79.0,66.0,75.0,80.0,60.0,100.0,85.0,65.0,82.0,77.0,59.0,94.0,68.0,57.0,55.0,81.0,58.0,62.0
409,9,qrydycl@school.edu,1798617880,Ahyasxi Fordyzks,85.0,62.0,68.0,66.0,92.0,76.0,69.0,69.0,58.0,50.0,55.0,64.0,94.0,78.0,67.0,79.0,72.0,95.0,55.0,99.0
410,10,efwcjleuhnb@school.edu,5929037705,Snraxjll Yxseiqv,65.0,50.0,83.0,67.0,97.0,79.0,66.0,86.0,96.0,73.0,88.0,73.0,96.0,78.0,88.0,97.0,82.0,100.0,55.0,84.0
411,11,rzpfhnmsrehil@school.edu,6115616252,Egqitibfma Cqxaq,64.0,60.0,96.0,100.0,81.0,97.0,73.0,58.0,59.0,91.0,73.0,51.0,99.0,65.0,86.0,94.0,93.0,60.0,61.0,79.0
412,12,pbxbxdhaxg@school.edu,2311921483,Ewqrj Qhurkres,89.0,57.0,69.0,53.0,82.0,60.0,89.0,93.0,100.0,85.0,80.0,84.0,80.0,61.0,94.0,54.0,61.0,58.0,85.0,76.0
413,13,addmnh@school.edu,2378475135,Fvktgeed Mmlrnl,51.0,74.0,76.0,94.0,70.0,59.0,97.0,55.0,50.0,83.0,86.0,88.0,74.0,80.0,77.0,65.0,66.0,84.0,81.0,59.0
414,14,irscaamrfm@school.edu,4567503337,Wwqxeozjr Bxqokls,50.0,89.0,66.0,70.0,95.0,85.0,65.0,72.0,61.0,82.0,84.0,84.0,57.0,91.0,67.0,95.0,87.0,67.0,76.0,91.0
415,15,denkmtkkts@school.edu,7061119849,Eboxtid Uxfxcmta,74.0,57.0,61.0,57.0,88.0,54.0,69.0,58.0,74.0,66.0,99.0,59.0,76.0,98.0,90.0,70.0,76.0,58.0,78.0,56.0
416,16,vqyvlxhjqgowh@school.edu,5945041326,Krmohawhuh Iqcau,83.0,66.0,69.0,57.0,95.0,58.0,68.0,83.0,89.0,83.0,83.0,67.0,63.0,64.0,99.0,64.0,62.0,91.0,61.0,93.0
417,17,uheynxsbj@school.edu,6877610494,Xnrttx Qzoedgi,76.0,74.0,73.0,65.0,98.0,80.0,56.0,64.0,95.0,70.0,99.0,50.0,80.0,85.0,51.0,83.0,53.0,63.0,71.0,97.0
418,18,wcdubrcskbh@school.edu,3677837369,Yxrulmcfp Ffgsghdy,93.0,58.0,52.0,72.0,86.0,50.0,85.0,65.0,60.0,84.0,52.0,63.0,54.0,90.0,85.0,85.0,76.0,63.0,62.0,56.0
419,19,ponsln@school.edu,1357026741,Kmpovzuaa Dawakp,85.0,100.0,90.0,50.0,81.0,98.0,72.0,66.0,56.0,93.0,57.0,50.0,93.0,60.0,57.0,76.0,63.0,81.0,99.0,94.0
420,20,pakktaynlitrx@school.edu,8180780705,Wvepuks Qafdlpgj,69.0,75.0,65.0,53.0,88.0,86.0,59.0,73.0,87.0,51.0,89.0,59.0,97.0,86.0,87.0,68.0,58.0,75.0,74.0,87.0
421,21,eyrjhxjs@school.edu,4609626600,Lwyhask Vfnbxegu,69.0,69.0,58.0,69.0,91.0,58.0,93.0,97.0,63.0,79.0,82.0,77.0,87.0,64.0,92.0,88.0,91.0,84.0,74.0,67.0
422,22,krkzxboqe@school.edu,4462187107,Ymwnmicj Lotqzpy,71.0,99.0,53.0,67.0,100.0,98.0,84.0,98.0,78.0,59.0,51.0,71.0,71.0,58.0,95.0,73.0,88.0,70.0,91.0,51.0
423,23,xhmvjvm@school.edu,6902010466,Yvrmiqdgle Ncdux,98.0,71.0,56.0,78.0,56.0,77.0,91.0,64.0,75.0,53.0,85.0,94.0,65.0,53.0,73.0,68.0,84.0,52.0,70.0,92.0
424,24,mpoaafpkj@school.edu,7661850107,Wtqwvo Qthgpg,56.0,87.0,77.0,77.0,77.0,62.0,82.0,59.0,96.0,69.0,82.0,75.0,86.0,52.0,51.0,54.0,94.0,88.0,77.0,66.0
425,25,rvqthytktzbzk@school.edu,5604601133,Uzqqbk Czixt,65.0,54.0,94.0,83.0,77.0,78.0,94.0,64.0,69.0,96.0,95.0,81.0,88.0,100.0,72.0,90.0,91.0,90.0,79.0,89.0
426,26,obpwp@school.edu,7321037876,Hbixbl Ixpepkxzi,90.0,64.0,100.0,83.0,73.0,53.0,72.0,56.0,71.0,53.0,52.0,57.0,78.0,79.0,92.0,77.0,87.0,66.0,54.0,98.0
427,27,nejfverumwiys@school.edu,4008008953,Dkjzssec Gydrz,81.0,84.0,83.0,77.0,57.0,71.0,53.0,81.0,99.0,76.0,69.0,52.0,68.0,68.0,71.0,71.0,92.0,76.0,64.0,70.0
428,28,pokulcnxzfv@school.edu,9139565869,Uuzpu Dsevrsirp,78.0,89.0,73.0,76.0,74.0,51.0,71.0,51.0,57.0,53.0,66.0,86.0,80.0,52.0,57.0,82.0,99.0,81.0,76.0,51.0
429,29,pbxhbtitqo@school.edu,6653797634,Guojenjwcj Bbsrill,70.0,94.0,93.0,93.0,78.0,74.0,67.0,65.0,52.0,86.0,72.0,53.0,89.0,74.0,72.0,92.0,93.0,52.0,53.0,60.0
430,30,moqpfkuethje@school.edu,7077530018,Yhwmoa Nhnny,62.0,79.0,77.0,69.0,87.0,65.0,73.0,90.0,84.0,60.0,80.0,73.0,85.0,82.0,67.0,72.0,90.0,72.0,58.0,73.0
431,31,qxcifggyy@school.edu,7067801638,Upwnkke Djtea,83.0,50.0,97.0,97.0,66.0,76.0,94.0,72.0,87.0,82.0,77.0,57.0,97.0,84.0,74.0,88.0,72.0,57.0,51.0,74.0
432,32,dguzfuc@school.edu,2332469809,Oizacohch Oynxvxaeqq,61.0,50.0,61.0,85.0,91.0,51.0,72.0,100.0,85.0,64.0,52.0,90.0,73.0,61.0,79.0,94.0,55.0,52.0,59.0,82.0
433,33,cospmjmsrbdk@school.edu,5219122508,Xkcjhlhlv Bwovwnqjn,92.0,92.0,60.0,68.0,74.0,54.0,85.0,87.0,75.0,57.0,61.0,92.0,100.0,68.0,50.0,79.0,65.0,79.0,56.0,77.0
434,34,xfuiclfio@school.edu,9650330024,Ufqrrgv Svtjate,69.0,61.0,99.0,56.0,54.0,58.0,87.0,71.0,90.0,90.0,56.0,72.0,55.0,81.0,94.0,69.0,63.0,96.0,67.0,69.0
435,35,ecouxmjfwzlp@school.edu,4602007624,Vvokbcyoe Aclghlt,100.0,60.0,72.0,85.0,69.0,59.0,68.0,91.0,82.0,76.0,77.0,76.0,79.0,67.0,82.0,71.0,66.0,97.0,77.0,99.0
436,36,wnyssasgzi@school.edu,6891665828,Dbcvoepl Faoncsmnkv,80.0,77.0,64.0,94.0,92.0,96.0,93.0,72.0,91.0,63.0,55.0,96.0,76.0,71.0,64.0,63.0,70.0,92.0,87.0,92.0
437,37,ewszh@school.edu,2340365931,Wizswg Xlzzw,77.0,88.0,70.0,73.0,78.0,75.0,88.0,92.0,72.0,53.0,78.0,58.0,77.0,61.0,81.0,66.0,59.0,90.0,98.0,95.0
438,38,vwgwp@school.edu,3175408418,Jhjfg Nwcfi,50.0,60.0,74.0,53.0,99.0,63.0,87.0,71.0,96.0,63.0,85.0,78.0,59.0,55.0,57.0,89.0,70.0,99.0,66.0,77.0
439,39,eiuhlzkceqdr@school.edu,7431170454,Ibhtxrflng Ndyiatf,78.0,51.0,52.0,97.0,82.0,52.0,61.0,56.0,50.0,85.0,85.0,74.0,95.0,68.0,68.0,70.0,69.0,59.0,61.0,100.0
440,40,zyoflkhpezuzg@school.edu,7215177132,Vgxwru Wyasw,90.0,91.0,55.0,70.0,96.0,56.0,61.0,97.0,80.0,80.0,73.0,99.0,88.0,80.0,60.0,66.0,72.0,57.0,53.0,50.0
441,41,pbdoynme@school.edu,3947868467,Djqbphwn Onovwiphwe,68.0,75.0,88.0,97.0,93.0,91.0,54.0,76.0,96.0,60.0,70.0,55.0,67.0,69.0,61.0,51.0,77.0,63.0,100.0,88.0
442,42,pmdgq@school.edu,3250624681,Ainncc Tmfpum,51.0,71.0,93.0,61.0,52.0,92.0,89.0,71.0,74.0,82.0,65.0,63.0,68.0,91.0,51.0,84.0,73.0,75.0,76.0,81.0
443,43,wkyqdmxyj@school.edu,1369531765,Vybwtdnr Xzqsyss,74.0,61.0,60.0,93.0,71.0,94.0,62.0,52.0,65.0,55.0,84.0,67.0,57.0,68.0,74.0,82.0,79.0,50.0,51.0,78.0
444,44,ahmuhewcts@school.edu,3498137068,Eznwp Pdjrirb,91.0,53.0,65.0,100.0,81.0,71.0,52.0,90.0,93.0,95.0,92.0,55.0,91.0,61.0,100.0,66.0,54.0,79.0,86.0,78.0
445,45,oendwrn@school.edu,9172674105,Lptgloyev Zqiaiwisog,87.0,57.0,81.0,53.0,55.0,71.0,86.0,64.0,59.0,98.0,87.0,65.0,90.0,66.0,65.0,98.0,84.0,81.0,99.0,57.0
446,46,dyroqimxlx@school.edu,8508314402,Cysoz Nejszgih,74.0,96.0,79.0,54.0,72.0,81.0,69.0,86.0,89.0,60.0,71.0,85.0,84.0,63.0,77.0,50.0,83.0,88.0,100.0,81.0
447,47,slfdasj@school.edu,3852307991,Ficispzcjq Uzwyjstbm,50.0,52.0,79.0,80.0,56.0,52.0,96.0,99.0,66.0,78.0,70.0,83.0,86.0,91.0,59.0,98.0,76.0,50.0,88.0,82.0
448,48,dsggabcw@school.edu,3163685630,Vgbeptehl Tvdslrgep,87.0,88.0,83.0,63.0,68.0,71.0,99.0,57.0,58.0,72.0,64.0,93.0,92.0,53.0,83.0,70.0,100.0,52.0,56.0,74.0
449,49,jcvkonsztaiu@school.edu,2471284962,Dfqxe Rcjpqzfpwa,66.0,80.0,64.0,100.0,63.0,70.0,79.0,88.0,91.0,90.0,69.0,62.0,88.0,98.0,98.0,68.0,68.0,92.0,71.0,86.0
450,50,iteimriohgk@school.edu,4181575810,Zylojjsyx Iaphakw,99.0,65.0,98.0,85.0,81.0,55.0,61.0,96.0,65.0,86.0,76.0,57.0,75.0,96.0,87.0,53.0,79.0,58.0,83.0,73.0
451,51,ixzuklo@school.edu,1650919265,Hxfssciq Aovhgck,55.0,98.0,81.0,67.0,73.0,88.0,64.0,91.0,62.0,80.0,94.0,90.0,59.0,79.0,92.0,99.0,59.0,77.0,81.0,53.0
452,52,wektyuh@school.edu,9585741565,Usyavtjt Owuaiica,97.0,83.0,60.0,82.0,96.0,92.0,95.0,65.0,62.0,95.0,70.0,85.0,51.0,72.0,75.0,69.0,55.0,52.0,71.0,80.0
453,53,gzqzbemsbim@school.edu,3673902550,Gqcqtaruzg Qyvxese,86.0,58.0,63.0,65.0,72.0,79.0,58.0,61.0,96.0,85.0,78.0,84.0,85.0,54.0,79.0,52.0,58.0,91.0,98.0,81.0
454,54,pguhpeerbkcwv@school.edu,5353810287,Sbjvzilp Eexuhh,71.0,93.0,92.0,53.0,93.0,66.0,66.0,79.0,88.0,90.0,57.0,72.0,84.0,89.0,61.0,90.0,70.0,54.0,81.0,96.0
455,55,nedmaatz@school.edu,6159169319,Qfrtzykss Uxjco,78.0,91.0,82.0,83.0,100.0,55.0,74.0,96.0,50.0,60.0,67.0,88.0,61.0,55.0,88.0,61.0,88.0,98.0,59.0,89.0
456,56,azzmtqikf@school.edu,8950964395,Bfpgraxjg Uwtdsfgfv,70.0,70.0,92.0,81.0,93.0,98.0,57.0,65.0,70.0,71.0,83.0,54.0,67.0,96.0,66.0,64.0,97.0,59.0,61.0,56.0
457,57,jdmlqwp@school.edu,6891852639,Kujvqifa Xdkilkijxg,54.0,53.0,57.0,66.0,88.0,60.0,76.0,58.0,59.0,61.0,86.0,60.0,52.0,89.0,51.0,59.0,79.0,70.0,94.0,86.0
458,58,jdosjwyyam@school.edu,6443716003,Vpvtn Bwihloa,89.0,55.0,82.0,58.0,60.0,64.0,53.0,51.0,90.0,71.0,96.0,65.0,90.0,69.0,53.0,91.0,84.0,84.0,84.0,70.0
459,59,tnwroyuvdtsa@school.edu,5914554448,Bhkuf Nrimrnbz,86.0,64.0,82.0,52.0,65.0,79.0,92.0,53.0,96.0,91.0,88.0,70.0,86.0,51.0,60.0,53.0,65.0,67.0,67.0,67.0
460,60,qilrob@school.edu,8226939123,Oxxwrec Bhvhbinki,70.0,52.0,77.0,66.0,86.0,100.0,99.0,69.0,97.0,53.0,57.0,100.0,58.0,82.0,87.0,50.0,67.0,94.0,74.0,80.0
461,61,hjkcq@school.edu,3525241612,Hlgncnsjz Ojgyaytg,65.0,92.0,89.0,71.0,51.0,93.0,77.0,97.0,74.0,100.0,87.0,76.0,80.0,91.0,87.0,52.0,55.0,78.0,80.0,94.0
462,62,nygerektaiq@school.edu,7260674592,Vlggrrvc Tcamqprpmg,98.0,55.0,76.0,70.0,58.0,51.0,77.0,57.0,91.0,99.0,71.0,79.0,77.0,56.0,97.0,87.0,93.0,69.0,70.0,80.0
463,63,zgdqisdl@school.edu,4954751839,Noydq Wfkcvvk,64.0,91.0,83.0,90.0,51.0,83.0,89.0,74.0,73.0,62.0,70.0,77.0,100.0,83.0,100.0,51.0,76.0,88.0,67.0,59.0
464,64,tgjzafxc@school.edu,1399854126,Maaxhboclo Naoki,92.0,67.0,64.0,74.0,73.0,68.0,77.0,85.0,77.0,81.0,100.0,60.0,87.0,94.0,66.0,58.0,62.0,60.0,78.0,73.0
465,65,weenqghmtnz@school.edu,9017142798,Syvqahsrap Lfzntx,54.0,61.0,81.0,73.0,87.0,58.0,57.0,92.0,90.0,63.0,57.0,70.0,67.0,50.0,60.0,87.0,75.0,66.0,68.0,65.0
466,66,strtnfbz@school.edu,4218450872,Hirliumwai Jsfwq,97.0,60.0,68.0,61.0,90.0,95.0,78.0,57.0,60.0,69.0,53.0,50.0,54.0,52.0,58.0,82.0,98.0,80.0,74.0,75.0
467,67,axgdjflfqkz@school.edu,8065387807,Gjwuoxh Oxkshjyrr,73.0,70.0,70.0,64.0,74.0,63.0,95.0,73.0,61.0,64.0,76.0,60.0,77.0,62.0,53.0,64.0,80.0,68.0,73.0,65.0
468,68,kynjlmgwqb@school.edu,5256832831,Qsttnt Kgwagbfldb,58.0,95.0,83.0,82.0,62.0,57.0,73.0,97.0,73.0,71.0,72.0,82.0,78.0,61.0,85.0,69.0,99.0,100.0,90.0,99.0
469,69,dwlymerclsk@school.edu,1561391036,Ewzydvnsm Achqwngiu,72.0,79.0,84.0,50.0,72.0,87.0,100.0,100.0,73.0,82.0,95.0,76.0,84.0,83.0,79.0,64.0,68.0,62.0,66.0,88.0
470,70,qdnowc@school.edu,5308078558,Flvbflbocn Eumjd,92.0,95.0,62.0,58.0,54.0,64.0,99.0,97.0,93.0,69.0,51.0,96.0,51.0,81.0,54.0,99.0,82.0,73.0,99.0,72.0
471,71,feeol@school.edu,7961422307,Mhgmctuuwt Blwwix,55.0,80.0,94.0,91.0,91.0,98.0,70.0,71.0,83.0,61.0,87.0,85.0,50.0,84.0,65.0,78.0,98.0,91.0,92.0,65.0
472,72,nkzfhtgwx@school.edu,5351686902,Cjewxew Ysubvdcd,59.0,69.0,98.0,80.0,88.0,88.0,92.0,79.0,70.0,97.0,61.0,85.0,100.0,79.0,66.0,95.0,86.0,99.0,71.0,80.0
473,73,zkqoq@school.edu,8745461918,Dtqfsv Iqxkwpp,85.0,59.0,97.0,53.0,81.0,59.0,88.0,82.0,51.0,58.0,96.0,71.0,65.0,65.0,50.0,77.0,70.0,73.0,86.0,66.0
474,74,jswlvvnwnspa@school.edu,5598782083,Dejlbvmdcw Vsvvnr,84.0,76.0,59.0,56.0,54.0,77.0,62.0,52.0,69.0,87.0,91.0,91.0,69.0,82.0,71.0,73.0,78.0,60.0,56.0,80.0
475,75,xjjcnb@school.edu,7881487487,Sapnmfil Kmkxtwxtt,83.0,79.0,56.0,90.0,76.0,87.0,59.0,51.0,80.0,54.0,59.0,54.0,96.0,78.0,77.0,91.0,87.0,93.0,97.0,96.0
476,76,yfksrobombcya@school.edu,2482418213,Fboiahzw Irklgo,87.0,84.0,99.0,98.0,77.0,51.0,77.0,82.0,89.0,95.0,59.0,98.0,81.0,83.0,89.0,82.0,98.0,86.0,100.0,60.0
477,77,nysuqg@school.edu,7473905110,Hkype Txqgvcgb,70.0,92.0,88.0,59.0,90.0,65.0,97.0,52.0,97.0,53.0,90.0,91.0,62.0,81.0,52.0,57.0,86.0,73.0,85.0,72.0
478,78,plsuu@school.edu,8404478754,Temac Vugvhkx,86.0,72.0,65.0,99.0,94.0,70.0,80.0,58.0,76.0,90.0,77.0,97.0,81.0,92.0,99.0,61.0,66.0,61.0,94.0,85.0
479,79,nfeck@school.edu,4832432701,Ksiyr Ouqlqwqo,96.0,52.0,85.0,83.0,63.0,54.0,82.0,96.0,93.0,86.0,74.0,84.0,65.0,65.0,73.0,57.0,76.0,69.0,81.0,82.0
480,80,lwahashevvr@school.edu,8221622760,Xsdmhhy Ejelijdddo,67.0,99.0,65.0,54.0,71.0,77.0,68.0,59.0,60.0,64.0,51.0,66.0,62.0,95.0,87.0,88.0,99.0,55.0,62.0,55.0
481,81,isrnazkytyslf@school.edu,6419054703,Vhhjk Krnfulqr,82.0,73.0,93.0,59.0,61.0,73.0,87.0,60.0,88.0,72.0,82.0,90.0,61.0,74.0,97.0,96.0,72.0,89.0,65.0,50.0
482,82,hfxiydjmpxw@school.edu,8266814232,Iqqbe Xefmquist,57.0,81.0,70.0,54.0,90.0,78.0,51.0,100.0,63.0,97.0,84.0,66.0,55.0,66.0,100.0,52.0,90.0,100.0,95.0,69.0
483,83,qlywoktbpbo@school.edu,1345848417,Jejafhwj Jyaxfk,73.0,57.0,75.0,71.0,55.0,56.0,88.0,97.0,86.0,98.0,76.0,63.0,52.0,80.0,85.0,72.0,54.0,63.0,82.0,86.0
484,84,jdway@school.edu,4620971968,Hnfnicjs Wkjrklmp,61.0,51.0,84.0,64.0,99.0,54.0,69.0,58.0,69.0,86.0,60.0,94.0,57.0,53.0,85.0,52.0,93.0,81.0,68.0,56.0
485,85,vofmqytaalxqy@school.edu,1807152282,Mbopylf Zdlioho,65.0,84.0,65.0,69.0,61.0,85.0,50.0,80.0,55.0,100.0,69.0,85.0,53.0,58.0,61.0,62.0,62.0,53.0,98.0,76.0
486,86,vptbxdmahi@school.edu,3728044676,Hmrlmm Njsldipqrv,53.0,71.0,60.0,88.0,71.0,71.0,72.0,91.0,64.0,77.0,61.0,63.0,53.0,100.0,76.0,67.0,72.0,83.0,90.0,56.0
487,87,wjdzrsrsne@school.edu,7837132780,Ubifqz Vjuogvtbt,88.0,85.0,92.0,84.0,91.0,96.0,70.0,84.0,78.0,83.0,58.0,73.0,91.0,66.0,66.0,98.0,88.0,95.0,81.0,75.0
488,88,uldjfzn@school.edu,7090737384,Lxivibblhe Ztbuv,88.0,76.0,82.0,76.0,64.0,64.0,52.0,66.0,91.0,79.0,72.0,59.0,75.0,52.0,57.0,95.0,87.0,54.0,81.0,55.0
489,89,jyviedrfyb@school.edu,9750730543,Pzwlqgbonp Rzptbp,87.0,74.0,85.0,55.0,82.0,63.0,92.0,51.0,79.0,97.0,56.0,63.0,56.0,64.0,88.0,62.0,80.0,82.0,94.0,58.0
490,90,gfyzq@school.edu,1579961881,Cejqxldh Ucopuyi,89.0,93.0,76.0,67.0,98.0,71.0,63.0,92.0,77.0,64.0,52.0,53.0,99.0,60.0,95.0,93.0,77.0,95.0,100.0,95.0
491,91,brtnnlam@school.edu,7638110626,Npqwn Rfannjlkf,95.0,94.0,79.0,67.0,62.0,79.0,66.0,60.0,95.0,54.0,99.0,73.0,91.0,87.0,91.0,82.0,86.0,88.0,62.0,91.0
492,92,qagqz@school.edu,1455981107,Ccdibg Wwpqfalq,65.0,81.0,70.0,76.0,82.0,87.0,83.0,62.0,82.0,53.0,71.0,65.0,50.0,97.0,71.0,88.0,72.0,61.0,64.0,77.0
493,93,mzeedghxiw@school.edu,5738876486,Qmpnyk Ncxdn,69.0,99.0,74.0,83.0,84.0,72.0,73.0,61.0,53.0,69.0,50.0,78.0,83.0,100.0,74.0,65.0,59.0,56.0,76.0,52.0
494,94,mrfjism@school.edu,7990754692,Wxgamnprmi Ujdfahmuiq,93.0,68.0,53.0,61.0,75.0,70.0,53.0,68.0,70.0,76.0,91.0,67.0,54.0,53.0,92.0,80.0,56.0,75.0,81.0,67.0
495,95,pdiuxgl@school.edu,5754654601,Femyg Owoyh,66.0,70.0,51.0,84.0,55.0,83.0,74.0,80.0,54.0,88.0,83.0,56.0,86.0,74.0,53.0,87.0,96.0,55.0,91.0,95.0
496,96,ckgfl@school.edu,5726277581,Gnufgp Ehiojilkng,88.0,100.0,94.0,93.0,55.0,51.0,86.0,94.0,80.0,97.0,92.0,74.0,97.0,85.0,58.0,92.0,98.0,90.0,58.0,87.0
497,97,lgkljvuwweyi@school.edu,2177531994,Xhsnyfva Lredcbpyiq,79.0,74.0,96.0,61.0,72.0,89.0,78.0,81.0,74.0,99.0,60.0,60.0,61.0,75.0,67.0,72.0,93.0,64.0,78.0,62.0
498,98,beggwqo@school.edu,2244937331,Bzashvmvk Fpfyce,89.0,90.0,73.0,91.0,54.0,53.0,90.0,82.0,84.0,67.0,51.0,85.0,73.0,86.0,89.0,53.0,61.0,93.0,51.0,86.0
499,99,akzwjdjxf@school.edu,8281341377,Onywen Rxlpe,61.0,81.0,91.0,89.0,57.0,96.0,82.0,59.0,50.0,98.0,50.0,55.0,55.0,74.0,76.0,84.0,58.0,92.0,100.0,73.0
500,100,slcmfwbamurqe@school.edu,3448339583,Trgwcvt Rdaetktz,65.0,95.0,71.0,83.0,51.0,74.0,95.0,74.0,62.0,69.0,59.0,80.0,93.0,69.0,58.0,85.0,59.0,67.0,69.0,94.0
501,101,shvkeu@school.edu,3523054469,Eaeqlhlox Ycbeplnfw,76.0,97.0,76.0,92.0,67.0,90.0,74.0,90.0,79.0,60.0,56.0,68.0,61.0,61.0,87.0,54.0,52.0,98.0,61.0,94.0
502,102,qidpmhbzpdhj@school.edu,5211733144,Mjsrfdvbe Basyfm,64.0,74.0,73.0,66.0,61.0,93.0,82.0,82.0,52.0,58.0,93.0,91.0,59.0,84.0,65.0,92.0,60.0,93.0,98.0,83.0
503,103,atephsmz@school.edu,1297991309,Qggfnogza Hlvdggqi,84.0,78.0,62.0,80.0,91.0,56.0,95.0,56.0,80.0,77.0,95.0,68.0,65.0,52.0,57.0,84.0,93.0,96.0,82.0,52.0
504,104,fsshbm@school.edu,5847426600,Ulkexutvmf Cvpqcgbhw,65.0,56.0,78.0,52.0,69.0,72.0,77.0,95.0,79.0,98.0,76.0,71.0,61.0,82.0,82.0,59.0,75.0,96.0,93.0,50.0
505,105,juiepvtbknpfn@school.edu,7675718853,Ujqjg Knuxu,53.0,100.0,79.0,63.0,83.0,84.0,91.0,71.0,50.0,96.0,59.0,63.0,91.0,78.0,67.0,69.0,77.0,92.0,83.0,80.0
506,106,emkkgprqt@school.edu,3296100407,Udyff Ikzhsztdkw,53.0,61.0,87.0,78.0,70.0,96.0,64.0,95.0,82.0,74.0,61.0,73.0,54.0,79.0,57.0,88.0,53.0,83.0,57.0,80.0
507,107,txiaucmqrvpeb@school.edu,1923163605,Obygktxx Zqaafrntu,56.0,74.0,52.0,70.0,92.0,90.0,64.0,74.0,88.0,93.0,74.0,84.0,56.0,50.0,77.0,75.0,87.0,93.0,93.0,56.0
508,108,ypgtsi@school.edu,5096659334,Swyuqsyh Azxibje,89.0,83.0,96.0,94.0,87.0,74.0,88.0,88.0,70.0,84.0,50.0,61.0,95.0,92.0,51.0,99.0,85.0,82.0,50.0,80.0
509,109,pierczdocuqjj@school.edu,8499130701,Rtxxuceex Vpkuio,51.0,99.0,70.0,78.0,92.0,54.0,58.0,67.0,83.0,86.0,71.0,100.0,53.0,75.0,53.0,74.0,56.0,100.0,75.0,81.0
510,110,lqfdtcyvy@school.edu,4331071202,Zoacxpipr Zvyupxnvb,94.0,87.0,96.0,55.0,67.0,60.0,78.0,87.0,61.0,70.0,93.0,100.0,74.0,93.0,82.0,67.0,93.0,62.0,74.0,65.0
511,111,deztupngt@school.edu,2681039542,Zwflfpvi Rhsrn,81.0,59.0,68.0,96.0,71.0,81.0,96.0,85.0,86.0,54.0,78.0,72.0,75.0,98.0,57.0,68.0,56.0,76.0,68.0,86.0
512,112,kdehnfpegoc@school.edu,4177615113,Lajipyfc Xvxcu,96.0,51.0,57.0,52.0,63.0,67.0,74.0,60.0,89.0,97.0,53.0,100.0,88.0,97.0,66.0,73.0,78.0,60.0,84.0,78.0
513,113,jbqeomd@school.edu,6937598887,Tvcukvfgod Yqqihxxmi,67.0,76.0,80.0,73.0,50.0,82.0,89.0,75.0,95.0,72.0,81.0,55.0,67.0,100.0,78.0,66.0,61.0,92.0,55.0,52.0
514,114,efzqrlggd@school.edu,5321123594,Lnbjkjp Zajgig,76.0,97.0,87.0,56.0,66.0,79.0,61.0,63.0,63.0,77.0,96.0,82.0,95.0,57.0,84.0,87.0,95.0,60.0,96.0,75.0
515,115,bnbfbpzkw@school.edu,9178418077,Pkfqgvyd Qicunxgeyp,76.0,100.0,74.0,58.0,81.0,50.0,69.0,79.0,100.0,62.0,93.0,54.0,99.0,93.0,55.0,67.0,78.0,75.0,70.0,80.0
516,116,szxfyqpyvwro@school.edu,5609706485,Pajpjw Oppsspv,95.0,95.0,51.0,64.0,74.0,73.0,86.0,60.0,73.0,57.0,71.0,91.0,58.0,95.0,93.0,79.0,84.0,96.0,53.0,61.0
517,117,qarhaujqf@school.edu,6021423721,Ktshq Ktjntbq,81.0,83.0,87.0,64.0,87.0,68.0,100.0,55.0,84.0,98.0,79.0,60.0,86.0,58.0,68.0,97.0,65.0,57.0,79.0,79.0
518,118,jqegsjzymz@school.edu,8128567027,Aefvag Weeuu,99.0,93.0,69.0,52.0,65.0,64.0,90.0,63.0,78.0,66.0,96.0,87.0,76.0,73.0,50.0,66.0,52.0,55.0,88.0,84.0
519,119,wwxxrassoauo@school.edu,9186929632,Stiqorot Bcozwbxkg,75.0,75.0,62.0,69.0,85.0,50.0,83.0,84.0,53.0,77.0,55.0,74.0,84.0,94.0,96.0,60.0,66.0,66.0,94.0,82.0
520,120,twifbpldnr@school.edu,9250867410,Dafhczhglj Aucatqj,54.0,96.0,54.0,70.0,95.0,65.0,99.0,99.0,52.0,71.0,76.0,50.0,94.0,74.0,58.0,87.0,54.0,51.0,71.0,75.0
521,121,rusbwhmwr@school.edu,2668770183,Yizyv Yxrqxxor,73.0,63.0,85.0,91.0,54.0,73.0,62.0,59.0,50.0,73.0,85.0,81.0,75.0,63.0,70.0,78.0,74.0,63.0,68.0,65.0
522,122,remaixiec@school.edu,6954354196,Xglxsncpr Qsozzpd,61.0,95.0,69.0,96.0,99.0,68.0,57.0,79.0,72.0,61.0,69.0,76.0,98.0,67.0,96.0,84.0,61.0,88.0,59.0,63.0
523,123,snnqufryinfo@school.edu,1001884087,Jmbuetfok Kvnsmqh,53.0,59.0,67.0,93.0,59.0,59.0,91.0,98.0,91.0,69.0,60.0,92.0,57.0,55.0,90.0,73.0,87.0,94.0,55.0,52.0
524,124,nymuvxhl@school.edu,6488170038,Lmwlewivmh Mymfojy,59.0,84.0,50.0,56.0,86.0,89.0,58.0,81.0,99.0,96.0,72.0,74.0,59.0,53.0,56.0,84.0,94.0,79.0,96.0,78.0
525,125,uxyshjjpvfhew@school.edu,3156624748,Advvnhf Yxforzs,90.0,94.0,56.0,63.0,63.0,78.0,84.0,86.0,65.0,86.0,55.0,59.0,81.0,66.0,61.0,56.0,74.0,63.0,56.0,88.0
526,126,oqbfmui@school.edu,3318031388,Tzgqi Qlrdvvoge,77.0,69.0,89.0,71.0,54.0,72.0,79.0,74.0,94.0,53.0,60.0,66.0,57.0,72.0,77.0,96.0,82.0,78.0,52.0,93.0
527,127,mniok@school.edu,6626607972,Dthzy Oejii,86.0,91.0,86.0,76.0,80.0,79.0,69.0,85.0,88.0,100.0,78.0,58.0,60.0,53.0,65.0,53.0,73.0,51.0,53.0,79.0
528,128,uslwmq@school.edu,3835883690,Aupwbq Xakffyufeb,70.0,54.0,55.0,89.0,60.0,98.0,60.0,76.0,100.0,65.0,86.0,69.0,96.0,51.0,83.0,74.0,62.0,88.0,52.0,69.0
529,129,ezbrrwu@school.edu,5546896102,Sjwecb Suxnxb,96.0,98.0,53.0,58.0,93.0,86.0,92.0,92.0,91.0,65.0,86.0,58.0,82.0,64.0,60.0,92.0,77.0,81.0,73.0,72.0
530,130,xwauykgkv@school.edu,9839119624,Flhpyrd Wzskkmkhi,93.0,77.0,92.0,98.0,51.0,97.0,68.0,50.0,56.0,63.0,56.0,52.0,82.0,71.0,58.0,83.0,70.0,78.0,78.0,71.0
531,131,tquby@school.edu,6969345877,Eqyxb Nvwxzs,61.0,97.0,74.0,60.0,66.0,56.0,83.0,62.0,56.0,69.0,50.0,65.0,50.0,70.0,96.0,97.0,87.0,68.0,54.0,87.0
532,132,rnnoieljplw@school.edu,6584816709,Ixebu Wafkmfe,50.0,67.0,93.0,51.0,86.0,61.0,79.0,74.0,85.0,83.0,97.0,92.0,58.0,85.0,50.0,66.0,59.0,80.0,54.0,73.0
533,133,yyjwfl@school.edu,8251986225,Ouyijapbr Exukkpam,93.0,91.0,75.0,87.0,64.0,54.0,84.0,56.0,89.0,69.0,71.0,58.0,68.0,90.0,86.0,99.0,97.0,53.0,55.0,76.0
534,134,wtjdflzxlco@school.edu,2692600557,Peulxoun Hvphnkxu,54.0,67.0,74.0,77.0,74.0,52.0,52.0,90.0,92.0,65.0,99.0,98.0,79.0,68.0,61.0,84.0,64.0,60.0,81.0,66.0
535,135,frpjmxwxaif@school.edu,6951558747,Maeyell Lkddh,67.0,85.0,74.0,62.0,73.0,74.0,89.0,52.0,100.0,96.0,68.0,87.0,75.0,98.0,80.0,71.0,78.0,62.0,74.0,94.0
536,136,idrezkn@school.edu,8532850400,Yfchlfc Ovhvcn,57.0,83.0,88.0,85.0,98.0,67.0,65.0,59.0,83.0,54.0,67.0,94.0,84.0,53.0,67.0,63.0,73.0,85.0,89.0,75.0
537,137,nprgdemvmuah@school.edu,3640130913,Shpkkmb Jvipsydqc,91.0,53.0,73.0,97.0,69.0,77.0,65.0,58.0,51.0,65.0,78.0,100.0,69.0,85.0,58.0,93.0,86.0,94.0,94.0,87.0
538,138,rboodgkpoz@school.edu,8960085708,Dlrtiqhql Ctksdviua,89.0,93.0,60.0,54.0,92.0,56.0,81.0,80.0,67.0,65.0,98.0,81.0,93.0,50.0,97.0,54.0,100.0,97.0,66.0,94.0
539,139,odejqfzrpjflu@school.edu,9997280644,Zzjwjmnoaa Kpefqyk,50.0,89.0,81.0,63.0,61.0,96.0,100.0,84.0,58.0,62.0,58.0,59.0,51.0,98.0,89.0,72.0,64.0,56.0,83.0,97.0
540,140,naooxl@school.edu,9431684791,Ptmgvodogy Witbpdfq,93.0,62.0,53.0,55.0,92.0,51.0,79.0,54.0,83.0,81.0,55.0,78.0,91.0,53.0,91.0,65.0,98.0,56.0,68.0,59.0
541,141,jhdebcmp@school.edu,1367023684,Oaakjfzvd Pphsfp,53.0,61.0,70.0,72.0,83.0,98.0,88.0,72.0,100.0,81.0,77.0,84.0,90.0,83.0,87.0,68.0,66.0,100.0,56.0,80.0
542,142,cvclscdxzff@school.edu,3345892430,Onshur Nycfwuc,91.0,63.0,89.0,66.0,79.0,81.0,65.0,82.0,52.0,69.0,94.0,91.0,86.0,83.0,88.0,65.0,81.0,65.0,60.0,64.0
543,143,jiwziwldnm@school.edu,8081362564,Hcnask Rgjvgc,55.0,74.0,88.0,60.0,98.0,87.0,92.0,76.0,86.0,83.0,52.0,94.0,62.0,69.0,66.0,84.0,54.0,89.0,50.0,72.0
544,144,ehurwnrolsxtp@school.edu,1270993262,Tulno Zkseobancx,60.0,61.0,66.0,61.0,93.0,71.0,98.0,89.0,100.0,84.0,78.0,66.0,82.0,51.0,66.0,80.0,66.0,58.0,82.0,53.0
545,145,iafwekbmv@school.edu,4767105522,Aedfjcqv Wmlhho,85.0,92.0,57.0,82.0,69.0,75.0,82.0,52.0,90.0,55.0,77.0,73.0,64.0,69.0,77.0,52.0,67.0,65.0,68.0,53.0
546,146,wgcjdu@school.edu,4005338650,Depwdothyb Oiladm,58.0,86.0,90.0,87.0,70.0,65.0,97.0,83.0,99.0,86.0,81.0,99.0,76.0,68.0,61.0,85.0,50.0,61.0,80.0,59.0
547,147,bnmoq@school.edu,6700941681,Ulbjvzze Ufpwq,58.0,87.0,88.0,70.0,82.0,82.0,81.0,63.0,76.0,72.0,58.0,88.0,89.0,83.0,76.0,55.0,64.0,99.0,50.0,79.0
548,148,bxyupjfawjrvj@school.edu,8803688603,Vebmmqm Bldqmzkaue,59.0,89.0,86.0,54.0,94.0,66.0,74.0,87.0,93.0,53.0,91.0,73.0,55.0,100.0,55.0,79.0,56.0,69.0,66.0,85.0
549,149,urzfnzuppbba@school.edu,8288363325,Pcqeye Rckmfeepb,99.0,69.0,71.0,89.0,89.0,54.0,74.0,70.0,71.0,55.0,88.0,92.0,100.0,61.0,61.0,73.0,67.0,96.0,76.0,55.0
550,150,qgehmagixe@school.edu,9373210313,Wxxeexvozz Vopydzi,72.0,83.0,58.0,93.0,56.0,91.0,50.0,54.0,95.0,99.0,83.0,94.0,54.0,85.0,90.0,80.0,71.0,95.0,60.0,93.0
551,151,jwipbwmnskgmr@school.edu,9816922452,Ayrgod Pbhpr,59.0,69.0,81.0,51.0,63.0,62.0,64.0,61.0,99.0,78.0,63.0,51.0,54.0,64.0,56.0,62.0,61.0,63.0,64.0,92.0
552,152,vqhgeaqc@school.edu,1499001491,Ifyzvi Ryyjd,90.0,84.0,87.0,50.0,89.0,87.0,69.0,66.0,54.0,70.0,65.0,55.0,94.0,78.0,56.0,88.0,66.0,80.0,98.0,83.0
553,153,aazdaiadgbwkv@school.edu,2771705350,Wykjuhpwvt Amggj,87.0,65.0,94.0,74.0,71.0,97.0,62.0,67.0,62.0,64.0,73.0,91.0,63.0,83.0,72.0,66.0,90.0,89.0,92.0,86.0
554,154,hijllc@school.edu,5169314738,Ypthxh Vvegtde,75.0,75.0,87.0,90.0,94.0,50.0,97.0,73.0,57.0,72.0,56.0,67.0,54.0,96.0,77.0,73.0,68.0,64.0,93.0,69.0
555,155,sgmlidmestpf@school.edu,3638609631,Agjzijmt Hvovukffp,84.0,75.0,71.0,80.0,66.0,99.0,90.0,87.0,66.0,90.0,70.0,88.0,82.0,70.0,100.0,87.0,72.0,99.0,66.0,53.0
556,156,ybpbjbxfqmmke@school.edu,8907385110,Ezprg Eerhnev,100.0,74.0,61.0,98.0,77.0,55.0,81.0,54.0,82.0,61.0,64.0,82.0,87.0,54.0,61.0,85.0,54.0,75.0,70.0,56.0
557,157,picbeuaymphm@school.edu,3208182792,Axjhsszfvj Sucuzcrb,66.0,50.0,84.0,88.0,60.0,70.0,82.0,89.0,52.0,99.0,89.0,54.0,84.0,75.0,64.0,78.0,50.0,69.0,75.0,98.0
558,158,lldxr@school.edu,1529217396,Ogqqk Laufhb,66.0,59.0,76.0,95.0,94.0,53.0,58.0,79.0,74.0,73.0,100.0,94.0,97.0,51.0,70.0,94.0,86.0,90.0,57.0,62.0
559,159,cdbaqgmvg@school.edu,9391794680,Hcmcfbn Bgahbocgw,97.0,68.0,64.0,73.0,61.0,92.0,98.0,72.0,74.0,99.0,81.0,88.0,74.0,77.0,79.0,100.0,82.0,57.0,90.0,79.0
560,160,depco@school.edu,9748389792,Qstrahq Pvizyhijwp,89.0,54.0,86.0,74.0,89.0,58.0,60.0,56.0,76.0,97.0,64.0,63.0,86.0,85.0,85.0,76.0,83.0,58.0,78.0,70.0
561,161,qtypijdqoyj@school.edu,3428782584,Middh Dxnealvzb,74.0,70.0,70.0,86.0,59.0,65.0,71.0,97.0,76.0,87.0,85.0,73.0,91.0,61.0,83.0,60.0,67.0,68.0,75.0,84.0
562,162,earajpvknnbi@school.edu,7945544059,Edvhnwd Ncgkuz,71.0,80.0,77.0,85.0,59.0,70.0,89.0,69.0,88.0,100.0,51.0,94.0,67.0,64.0,69.0,95.0,75.0,62.0,78.0,56.0
563,163,nofhkqvvb@school.edu,2585537268,Vpmkcpfplh Vsmmxp,93.0,66.0,82.0,71.0,76.0,98.0,56.0,89.0,77.0,95.0,84.0,51.0,64.0,63.0,50.0,93.0,81.0,66.0,56.0,62.0
564,164,jzqnprit@school.edu,7911881459,Xrvrwbtkq Omvodlbpi,95.0,96.0,77.0,53.0,66.0,57.0,77.0,62.0,64.0,89.0,81.0,68.0,67.0,78.0,78.0,96.0,77.0,62.0,63.0,79.0
565,165,cewnb@school.edu,2338115131,Atcesv Zcvmxenj,57.0,94.0,58.0,91.0,56.0,73.0,58.0,72.0,85.0,62.0,69.0,99.0,58.0,56.0,85.0,71.0,69.0,91.0,77.0,76.0
566,166,ughlkilponqa@school.edu,2414482712,Eyfdddj Lvdka,76.0,61.0,80.0,72.0,64.0,64.0,58.0,95.0,78.0,73.0,84.0,67.0,70.0,76.0,52.0,74.0,62.0,73.0,51.0,93.0
567,167,lyyjan@school.edu,6186866552,Qhxbby Azianfj,100.0,77.0,81.0,65.0,58.0,70.0,53.0,67.0,83.0,50.0,60.0,57.0,88.0,95.0,55.0,68.0,72.0,100.0,68.0,86.0
568,168,evrqlwt@school.edu,2628869750,Xyqgeg Sibzziwouh,99.0,100.0,63.0,90.0,88.0,90.0,100.0,60.0,88.0,62.0,77.0,73.0,55.0,83.0,94.0,59.0,59.0,64.0,76.0,50.0
569,169,uyvky@school.edu,6196229297,Luaadodq Ehrchdjn,66.0,69.0,77.0,91.0,84.0,60.0,86.0,58.0,53.0,50.0,86.0,71.0,70.0,52.0,88.0,50.0,65.0,72.0,61.0,88.0
570,170,ltzljrf@school.edu,9407504368,Mxnscici Zzrntjp,83.0,89.0,79.0,96.0,66.0,81.0,80.0,74.0,76.0,80.0,73.0,81.0,83.0,87.0,52.0,82.0,100.0,72.0,63.0,86.0
571,171,zsvafybhyptd@school.edu,3338681258,Ihgrtqc Fzdmwt,68.0,76.0,99.0,85.0,74.0,63.0,66.0,86.0,76.0,78.0,100.0,86.0,66.0,75.0,99.0,59.0,69.0,92.0,76.0,59.0
572,172,bjgtnydcrf@school.edu,8965129284,Bmmfhfoko Ityqpnqeml,57.0,68.0,73.0,74.0,65.0,76.0,63.0,51.0,55.0,52.0,84.0,88.0,59.0,70.0,68.0,86.0,57.0,88.0,64.0,98.0
573,173,tbevdotx@school.edu,2460705364,Czbii Cgvos,67.0,73.0,61.0,93.0,89.0,80.0,84.0,70.0,60.0,59.0,62.0,82.0,95.0,50.0,65.0,50.0,76.0,59.0,59.0,52.0
574,174,upxawkpz@school.edu,1650907367,Nodypi Frltwtj,57.0,54.0,73.0,96.0,81.0,56.0,73.0,68.0,96.0,97.0,74.0,66.0,72.0,96.0,93.0,65.0,62.0,51.0,51.0,53.0
575,175,wostjvi@school.edu,3068798143,Wubyv Ivmmevzfx,60.0,70.0,69.0,90.0,87.0,91.0,55.0,59.0,70.0,91.0,62.0,57.0,58.0,62.0,73.0,57.0,84.0,72.0,77.0,58.0
576,176,crpbpgwqd@school.edu,4697590067,Ttmauxky Ghjjunc,57.0,94.0,91.0,53.0,93.0,80.0,100.0,77.0,100.0,95.0,55.0,80.0,86.0,83.0,98.0,88.0,96.0,51.0,50.0,69.0
577,177,ipzmgpjcvktmv@school.edu,9403869445,Jxmmgoyn Twimbah,82.0,99.0,80.0,87.0,83.0,55.0,99.0,80.0,81.0,65.0,75.0,75.0,89.0,54.0,81.0,92.0,56.0,56.0,91.0,50.0
578,178,oofdcoxkflan@school.edu,1827917811,Rozectiabb Klprvatnq,72.0,76.0,80.0,92.0,72.0,52.0,67.0,51.0,97.0,86.0,82.0,66.0,79.0,82.0,59.0,93.0,82.0,50.0,76.0,76.0
579,179,jdlupr@school.edu,9679284199,Mrhfqik Jqzipqitod,99.0,60.0,66.0,100.0,69.0,99.0,87.0,97.0,91.0,81.0,98.0,85.0,85.0,53.0,70.0,73.0,71.0,84.0,91.0,50.0
580,180,egraerkbgueeb@school.edu,1034054271,Jzllh Xiqahuj,95.0,74.0,67.0,79.0,73.0,99.0,50.0,91.0,55.0,89.0,63.0,80.0,88.0,56.0,55.0,98.0,72.0,52.0,98.0,68.0
581,181,fbtjrksqbsri@school.edu,1293366666,Mujxljwgn Pthfxb,78.0,55.0,65.0,82.0,61.0,81.0,70.0,65.0,96.0,51.0,90.0,65.0,97.0,61.0,68.0,54.0,79.0,85.0,84.0,94.0
582,182,pdohanmv@school.edu,1559162932,Apufejrpku Xrwvunver,76.0,70.0,64.0,64.0,73.0,65.0,89.0,78.0,76.0,87.0,84.0,69.0,72.0,55.0,87.0,52.0,92.0,86.0,58.0,69.0
583,183,bmhyci@school.edu,4501569907,Opmbgke Yjrlsch,54.0,88.0,94.0,54.0,97.0,64.0,67.0,55.0,50.0,79.0,75.0,95.0,70.0,66.0,89.0,90.0,68.0,83.0,76.0,100.0
584,184,mvvkwi@school.edu,3205162715,Mimfmuus Icabyx,99.0,67.0,66.0,66.0,84.0,82.0,67.0,52.0,92.0,70.0,60.0,51.0,73.0,56.0,82.0,69.0,79.0,85.0,68.0,57.0
585,185,gnuojvwcuuy@school.edu,2866138077,Crrmnlke Obxggrjr,64.0,63.0,54.0,63.0,53.0,94.0,98.0,67.0,76.0,59.0,50.0,74.0,80.0,81.0,99.0,71.0,68.0,97.0,64.0,50.0
586,186,jvlpkmr@school.edu,9678563580,Iczbwfanzv Ubdyae,52.0,54.0,65.0,57.0,91.0,92.0,87.0,69.0,87.0,60.0,57.0,54.0,98.0,60.0,57.0,100.0,72.0,73.0,72.0,86.0
587,187,zabokaroyxjgo@school.edu,5043100107,Pwvhpwzr Fvjqnebe,69.0,73.0,93.0,58.0,81.0,76.0,91.0,57.0,68.0,52.0,98.0,89.0,82.0,92.0,94.0,85.0,95.0,82.0,70.0,95.0
588,188,xhevfqcpyq@school.edu,1551730468,Muiesrc Mldqetgn,63.0,54.0,75.0,83.0,79.0,100.0,70.0,67.0,77.0,82.0,51.0,56.0,83.0,61.0,93.0,96.0,65.0,83.0,98.0,75.0
589,189,kexwlujw@school.edu,3791696181,Aycizwm Atgcbls,94.0,72.0,78.0,65.0,54.0,90.0,84.0,92.0,80.0,50.0,84.0,73.0,74.0,97.0,80.0,69.0,55.0,94.0,91.0,76.0
590,190,ahiewbvzefxx@school.edu,7054128013,Zkaelfykiv Lmbeso,76.0,53.0,92.0,79.0,84.0,94.0,92.0,68.0,50.0,95.0,80.0,97.0,85.0,61.0,98.0,65.0,52.0,75.0,95.0,87.0
591,191,bacgd@school.edu,7065479816,Lcvlntg Ppappw,74.0,94.0,83.0,67.0,63.0,97.0,94.0,99.0,65.0,97.0,100.0,85.0,63.0,70.0,80.0,81.0,59.0,89.0,91.0,84.0
592,192,kvnhlytaycbt@school.edu,2013702645,Cxwxfq Jfsajfm,61.0,52.0,68.0,70.0,97.0,69.0,70.0,84.0,52.0,61.0,99.0,51.0,76.0,86.0,86.0,79.0,54.0,59.0,98.0,80.0
593,193,omnbhsneofxi@school.edu,2283181760,Ugfzgbb Bvippn,64.0,54.0,96.0,98.0,55.0,58.0,72.0,71.0,53.0,80.0,55.0,98.0,63.0,96.0,59.0,55.0,86.0,99.0,62.0,55.0
594,194,turnluf@school.edu,5357517332,Gxhjcjhk Tfzynyg,68.0,94.0,88.0,64.0,75.0,68.0,86.0,57.0,89.0,99.0,70.0,55.0,81.0,58.0,72.0,57.0,96.0,68.0,65.0,78.0
595,195,eviakpflzwxf@school.edu,7069514140,Grgdttu Vdekoxvmo,82.0,59.0,84.0,52.0,63.0,74.0,74.0,98.0,91.0,64.0,100.0,59.0,90.0,91.0,99.0,62.0,76.0,84.0,70.0,87.0
596,196,byuwppjcenm@school.edu,6829337365,Fyupxmo Vvodwg,59.0,96.0,55.0,87.0,67.0,78.0,87.0,91.0,57.0,57.0,93.0,61.0,53.0,63.0,73.0,51.0,52.0,85.0,66.0,53.0
597,197,dtulob@school.edu,4137283368,Tyfkzqgo Gknmqghd,96.0,82.0,53.0,79.0,57.0,94.0,68.0,56.0,90.0,94.0,93.0,68.0,86.0,69.0,77.0,83.0,87.0,98.0,86.0,60.0
598,198,tsshknbun@school.edu,5935063325,Xmqlyh Yrrwoyo,96.0,81.0,53.0,80.0,87.0,51.0,89.0,91.0,57.0,67.0,50.0,87.0,61.0,55.0,69.0,73.0,60.0,62.0,97.0,79.0
599,199,rmqvity@school.edu,8165896110,Jzrmfze Pyuncvt,67.0,97.0,71.0,97.0,76.0,93.0,79.0,51.0,50.0,81.0,67.0,97.0,53.0,51.0,59.0,59.0,74.0,67.0,53.0,74.0
